[{"model": "admin.logentry", "pk": 1, "fields": {"action_time": "2023-09-16T10:03:44.200Z", "user": 1, "content_type": 8, "object_id": "1", "object_repr": "programming", "action_flag": 1, "change_message": "[{\"added\": {}}]"}}, {"model": "admin.logentry", "pk": 2, "fields": {"action_time": "2023-09-16T10:03:53.942Z", "user": 1, "content_type": 8, "object_id": "2", "object_repr": "testing", "action_flag": 1, "change_message": "[{\"added\": {}}]"}}, {"model": "admin.logentry", "pk": 3, "fields": {"action_time": "2023-09-16T10:04:16.316Z", "user": 1, "content_type": 8, "object_id": "3", "object_repr": "AI", "action_flag": 1, "change_message": "[{\"added\": {}}]"}}, {"model": "admin.logentry", "pk": 4, "fields": {"action_time": "2023-10-06T08:34:49.671Z", "user": 1, "content_type": 11, "object_id": "3", "object_repr": "another test 2", "action_flag": 3, "change_message": ""}}, {"model": "admin.logentry", "pk": 5, "fields": {"action_time": "2023-10-08T08:52:19.867Z", "user": 1, "content_type": 7, "object_id": "2", "object_repr": "hoalasama", "action_flag": 2, "change_message": "[{\"changed\": {\"fields\": [\"Bio\", \"Roles\"]}}]"}}, {"model": "admin.logentry", "pk": 6, "fields": {"action_time": "2023-10-08T08:56:18.616Z", "user": 1, "content_type": 7, "object_id": "2", "object_repr": "hoalasama", "action_flag": 2, "change_message": "[]"}}, {"model": "auth.permission", "pk": 1, "fields": {"name": "Can add log entry", "content_type": 1, "codename": "add_logentry"}}, {"model": "auth.permission", "pk": 2, "fields": {"name": "Can change log entry", "content_type": 1, "codename": "change_logentry"}}, {"model": "auth.permission", "pk": 3, "fields": {"name": "Can delete log entry", "content_type": 1, "codename": "delete_logentry"}}, {"model": "auth.permission", "pk": 4, "fields": {"name": "Can view log entry", "content_type": 1, "codename": "view_logentry"}}, {"model": "auth.permission", "pk": 5, "fields": {"name": "Can add permission", "content_type": 2, "codename": "add_permission"}}, {"model": "auth.permission", "pk": 6, "fields": {"name": "Can change permission", "content_type": 2, "codename": "change_permission"}}, {"model": "auth.permission", "pk": 7, "fields": {"name": "Can delete permission", "content_type": 2, "codename": "delete_permission"}}, {"model": "auth.permission", "pk": 8, "fields": {"name": "Can view permission", "content_type": 2, "codename": "view_permission"}}, {"model": "auth.permission", "pk": 9, "fields": {"name": "Can add group", "content_type": 3, "codename": "add_group"}}, {"model": "auth.permission", "pk": 10, "fields": {"name": "Can change group", "content_type": 3, "codename": "change_group"}}, {"model": "auth.permission", "pk": 11, "fields": {"name": "Can delete group", "content_type": 3, "codename": "delete_group"}}, {"model": "auth.permission", "pk": 12, "fields": {"name": "Can view group", "content_type": 3, "codename": "view_group"}}, {"model": "auth.permission", "pk": 13, "fields": {"name": "Can add user", "content_type": 4, "codename": "add_user"}}, {"model": "auth.permission", "pk": 14, "fields": {"name": "Can change user", "content_type": 4, "codename": "change_user"}}, {"model": "auth.permission", "pk": 15, "fields": {"name": "Can delete user", "content_type": 4, "codename": "delete_user"}}, {"model": "auth.permission", "pk": 16, "fields": {"name": "Can view user", "content_type": 4, "codename": "view_user"}}, {"model": "auth.permission", "pk": 17, "fields": {"name": "Can add content type", "content_type": 5, "codename": "add_contenttype"}}, {"model": "auth.permission", "pk": 18, "fields": {"name": "Can change content type", "content_type": 5, "codename": "change_contenttype"}}, {"model": "auth.permission", "pk": 19, "fields": {"name": "Can delete content type", "content_type": 5, "codename": "delete_contenttype"}}, {"model": "auth.permission", "pk": 20, "fields": {"name": "Can view content type", "content_type": 5, "codename": "view_contenttype"}}, {"model": "auth.permission", "pk": 21, "fields": {"name": "Can add session", "content_type": 6, "codename": "add_session"}}, {"model": "auth.permission", "pk": 22, "fields": {"name": "Can change session", "content_type": 6, "codename": "change_session"}}, {"model": "auth.permission", "pk": 23, "fields": {"name": "Can delete session", "content_type": 6, "codename": "delete_session"}}, {"model": "auth.permission", "pk": 24, "fields": {"name": "Can view session", "content_type": 6, "codename": "view_session"}}, {"model": "auth.permission", "pk": 25, "fields": {"name": "Can add author", "content_type": 7, "codename": "add_author"}}, {"model": "auth.permission", "pk": 26, "fields": {"name": "Can change author", "content_type": 7, "codename": "change_author"}}, {"model": "auth.permission", "pk": 27, "fields": {"name": "Can delete author", "content_type": 7, "codename": "delete_author"}}, {"model": "auth.permission", "pk": 28, "fields": {"name": "Can view author", "content_type": 7, "codename": "view_author"}}, {"model": "auth.permission", "pk": 29, "fields": {"name": "Can add category", "content_type": 8, "codename": "add_category"}}, {"model": "auth.permission", "pk": 30, "fields": {"name": "Can change category", "content_type": 8, "codename": "change_category"}}, {"model": "auth.permission", "pk": 31, "fields": {"name": "Can delete category", "content_type": 8, "codename": "delete_category"}}, {"model": "auth.permission", "pk": 32, "fields": {"name": "Can view category", "content_type": 8, "codename": "view_category"}}, {"model": "auth.permission", "pk": 33, "fields": {"name": "Can add reply", "content_type": 9, "codename": "add_reply"}}, {"model": "auth.permission", "pk": 34, "fields": {"name": "Can change reply", "content_type": 9, "codename": "change_reply"}}, {"model": "auth.permission", "pk": 35, "fields": {"name": "Can delete reply", "content_type": 9, "codename": "delete_reply"}}, {"model": "auth.permission", "pk": 36, "fields": {"name": "Can view reply", "content_type": 9, "codename": "view_reply"}}, {"model": "auth.permission", "pk": 37, "fields": {"name": "Can add comment", "content_type": 10, "codename": "add_comment"}}, {"model": "auth.permission", "pk": 38, "fields": {"name": "Can change comment", "content_type": 10, "codename": "change_comment"}}, {"model": "auth.permission", "pk": 39, "fields": {"name": "Can delete comment", "content_type": 10, "codename": "delete_comment"}}, {"model": "auth.permission", "pk": 40, "fields": {"name": "Can view comment", "content_type": 10, "codename": "view_comment"}}, {"model": "auth.permission", "pk": 41, "fields": {"name": "Can add post", "content_type": 11, "codename": "add_post"}}, {"model": "auth.permission", "pk": 42, "fields": {"name": "Can change post", "content_type": 11, "codename": "change_post"}}, {"model": "auth.permission", "pk": 43, "fields": {"name": "Can delete post", "content_type": 11, "codename": "delete_post"}}, {"model": "auth.permission", "pk": 44, "fields": {"name": "Can view post", "content_type": 11, "codename": "view_post"}}, {"model": "auth.permission", "pk": 45, "fields": {"name": "Can add vote", "content_type": 12, "codename": "add_vote"}}, {"model": "auth.permission", "pk": 46, "fields": {"name": "Can change vote", "content_type": 12, "codename": "change_vote"}}, {"model": "auth.permission", "pk": 47, "fields": {"name": "Can delete vote", "content_type": 12, "codename": "delete_vote"}}, {"model": "auth.permission", "pk": 48, "fields": {"name": "Can view vote", "content_type": 12, "codename": "view_vote"}}, {"model": "auth.permission", "pk": 49, "fields": {"name": "Can add hit count", "content_type": 13, "codename": "add_hitcount"}}, {"model": "auth.permission", "pk": 50, "fields": {"name": "Can change hit count", "content_type": 13, "codename": "change_hitcount"}}, {"model": "auth.permission", "pk": 51, "fields": {"name": "Can delete hit count", "content_type": 13, "codename": "delete_hitcount"}}, {"model": "auth.permission", "pk": 52, "fields": {"name": "Can view hit count", "content_type": 13, "codename": "view_hitcount"}}, {"model": "auth.permission", "pk": 53, "fields": {"name": "Can add hit", "content_type": 14, "codename": "add_hit"}}, {"model": "auth.permission", "pk": 54, "fields": {"name": "Can change hit", "content_type": 14, "codename": "change_hit"}}, {"model": "auth.permission", "pk": 55, "fields": {"name": "Can delete hit", "content_type": 14, "codename": "delete_hit"}}, {"model": "auth.permission", "pk": 56, "fields": {"name": "Can view hit", "content_type": 14, "codename": "view_hit"}}, {"model": "auth.permission", "pk": 57, "fields": {"name": "Can add Blacklisted IP", "content_type": 15, "codename": "add_blacklistip"}}, {"model": "auth.permission", "pk": 58, "fields": {"name": "Can change Blacklisted IP", "content_type": 15, "codename": "change_blacklistip"}}, {"model": "auth.permission", "pk": 59, "fields": {"name": "Can delete Blacklisted IP", "content_type": 15, "codename": "delete_blacklistip"}}, {"model": "auth.permission", "pk": 60, "fields": {"name": "Can view Blacklisted IP", "content_type": 15, "codename": "view_blacklistip"}}, {"model": "auth.permission", "pk": 61, "fields": {"name": "Can add Blacklisted User Agent", "content_type": 16, "codename": "add_blacklistuseragent"}}, {"model": "auth.permission", "pk": 62, "fields": {"name": "Can change Blacklisted User Agent", "content_type": 16, "codename": "change_blacklistuseragent"}}, {"model": "auth.permission", "pk": 63, "fields": {"name": "Can delete Blacklisted User Agent", "content_type": 16, "codename": "delete_blacklistuseragent"}}, {"model": "auth.permission", "pk": 64, "fields": {"name": "Can view Blacklisted User Agent", "content_type": 16, "codename": "view_blacklistuseragent"}}, {"model": "auth.permission", "pk": 65, "fields": {"name": "Can add tag", "content_type": 17, "codename": "add_tag"}}, {"model": "auth.permission", "pk": 66, "fields": {"name": "Can change tag", "content_type": 17, "codename": "change_tag"}}, {"model": "auth.permission", "pk": 67, "fields": {"name": "Can delete tag", "content_type": 17, "codename": "delete_tag"}}, {"model": "auth.permission", "pk": 68, "fields": {"name": "Can view tag", "content_type": 17, "codename": "view_tag"}}, {"model": "auth.permission", "pk": 69, "fields": {"name": "Can add tagged item", "content_type": 18, "codename": "add_taggeditem"}}, {"model": "auth.permission", "pk": 70, "fields": {"name": "Can change tagged item", "content_type": 18, "codename": "change_taggeditem"}}, {"model": "auth.permission", "pk": 71, "fields": {"name": "Can delete tagged item", "content_type": 18, "codename": "delete_taggeditem"}}, {"model": "auth.permission", "pk": 72, "fields": {"name": "Can view tagged item", "content_type": 18, "codename": "view_taggeditem"}}, {"model": "auth.user", "pk": 1, "fields": {"password": "pbkdf2_sha256$260000$axapPuOtzLSqG3T4r0ywYU$TbbQnMhEJoaduUlWKW8/ufwiF8/kFzUG1IX/YBS1E8U=", "last_login": "2023-10-15T08:10:43.971Z", "is_superuser": true, "username": "admin", "first_name": "", "last_name": "", "email": "hoalasamaeu@gmail.com", "is_staff": true, "is_active": true, "date_joined": "2023-09-16T10:03:12.856Z", "groups": [], "user_permissions": []}}, {"model": "auth.user", "pk": 2, "fields": {"password": "pbkdf2_sha256$260000$7P5DLWVecVhRzxTbqgw1gU$gcr0CHGWswM+tzKrr8i+JatoI9Z51Z8jpIzRBvQDfbY=", "last_login": "2023-10-08T09:32:40.020Z", "is_superuser": false, "username": "hoalasama", "first_name": "", "last_name": "", "email": "", "is_staff": false, "is_active": true, "date_joined": "2023-09-19T11:35:14.017Z", "groups": [], "user_permissions": []}}, {"model": "auth.user", "pk": 3, "fields": {"password": "pbkdf2_sha256$260000$xP9SCoH5E0KoppPKkeSXL9$d+VAUYsHuzF9sXJLs73z4rpKXLTW8PI3La8e7f9fpng=", "last_login": "2023-10-06T08:33:30.315Z", "is_superuser": false, "username": "test", "first_name": "", "last_name": "", "email": "", "is_staff": false, "is_active": true, "date_joined": "2023-09-19T12:55:42.366Z", "groups": [], "user_permissions": []}}, {"model": "auth.user", "pk": 4, "fields": {"password": "pbkdf2_sha256$260000$auEwMqVZRxE9Ft47wmK28b$5AkCfqQscRDR3nFeYzXCcrWCty0GOBIIV3m/BrDHmYg=", "last_login": null, "is_superuser": false, "username": "test1", "first_name": "", "last_name": "", "email": "", "is_staff": false, "is_active": true, "date_joined": "2023-09-19T13:00:19.087Z", "groups": [], "user_permissions": []}}, {"model": "auth.user", "pk": 5, "fields": {"password": "pbkdf2_sha256$260000$TGifPxGhl7Ctfo8JDJ4ll0$Dy4Y6jPKq4TVIdMP+UrBz2S0KLPj6SOsM1Uoid1lCAI=", "last_login": "2023-09-19T13:00:57.662Z", "is_superuser": false, "username": "test2", "first_name": "", "last_name": "", "email": "", "is_staff": false, "is_active": true, "date_joined": "2023-09-19T13:00:57.398Z", "groups": [], "user_permissions": []}}, {"model": "auth.user", "pk": 6, "fields": {"password": "pbkdf2_sha256$260000$xgSVKgpkdLBCB6gDRJcwAV$xGd3Gi/O63hZyvbURfrWVGRaGff1cdsVc35kaLOfCLg=", "last_login": "2023-10-15T08:15:33.248Z", "is_superuser": false, "username": "testing", "first_name": "", "last_name": "", "email": "", "is_staff": false, "is_active": true, "date_joined": "2023-10-15T08:15:32.927Z", "groups": [], "user_permissions": []}}, {"model": "auth.user", "pk": 7, "fields": {"password": "pbkdf2_sha256$260000$BataYUINZgQCZk2jkwlhqh$fE3RqqO5LVEYO42CxPmbGC/fI9hYU4Ptr6Enz19aAmw=", "last_login": "2023-10-15T08:17:53.892Z", "is_superuser": false, "username": "testing1", "first_name": "", "last_name": "", "email": "", "is_staff": false, "is_active": true, "date_joined": "2023-10-15T08:17:53.669Z", "groups": [], "user_permissions": []}}, {"model": "contenttypes.contenttype", "pk": 1, "fields": {"app_label": "admin", "model": "logentry"}}, {"model": "contenttypes.contenttype", "pk": 2, "fields": {"app_label": "auth", "model": "permission"}}, {"model": "contenttypes.contenttype", "pk": 3, "fields": {"app_label": "auth", "model": "group"}}, {"model": "contenttypes.contenttype", "pk": 4, "fields": {"app_label": "auth", "model": "user"}}, {"model": "contenttypes.contenttype", "pk": 5, "fields": {"app_label": "contenttypes", "model": "contenttype"}}, {"model": "contenttypes.contenttype", "pk": 6, "fields": {"app_label": "sessions", "model": "session"}}, {"model": "contenttypes.contenttype", "pk": 7, "fields": {"app_label": "main", "model": "author"}}, {"model": "contenttypes.contenttype", "pk": 8, "fields": {"app_label": "main", "model": "category"}}, {"model": "contenttypes.contenttype", "pk": 9, "fields": {"app_label": "main", "model": "reply"}}, {"model": "contenttypes.contenttype", "pk": 10, "fields": {"app_label": "main", "model": "comment"}}, {"model": "contenttypes.contenttype", "pk": 11, "fields": {"app_label": "main", "model": "post"}}, {"model": "contenttypes.contenttype", "pk": 12, "fields": {"app_label": "main", "model": "vote"}}, {"model": "contenttypes.contenttype", "pk": 13, "fields": {"app_label": "hitcount", "model": "hitcount"}}, {"model": "contenttypes.contenttype", "pk": 14, "fields": {"app_label": "hitcount", "model": "hit"}}, {"model": "contenttypes.contenttype", "pk": 15, "fields": {"app_label": "hitcount", "model": "blacklistip"}}, {"model": "contenttypes.contenttype", "pk": 16, "fields": {"app_label": "hitcount", "model": "blacklistuseragent"}}, {"model": "contenttypes.contenttype", "pk": 17, "fields": {"app_label": "taggit", "model": "tag"}}, {"model": "contenttypes.contenttype", "pk": 18, "fields": {"app_label": "taggit", "model": "taggeditem"}}, {"model": "sessions.session", "pk": "hzxlq1i7k6okrjnt71z30nc21jifftl4", "fields": {"session_data": ".eJxVjDsOwyAQBe9CHSEWA4aU6X0GtMsnOIlAMnYV5e6xJRdJOzPvvZnHbS1-62nxc2RXNrLLLyMMz1QPER9Y742HVtdlJn4k_LSdTy2m1-1s_w4K9rKvBWaZFRmhHKhkKAAIBURxHNKgICdJUZNUO7AAWmZEGYx1wRkbNA3s8wXnCTfv:1qrwJt:4GKx8ZYGXg4tOh2aQVSW7WvB7v6sth8jcD96x89Hvyg", "expire_date": "2023-10-29T08:17:53.896Z"}}, {"model": "sessions.session", "pk": "mdyna5pkvo57143s3n6ux4vss43jl50a", "fields": {"session_data": ".eJxVjMsOwiAUBf-FtSFwAQWX7v0Gch8gVdMmpV0Z_12bdKHbMzPnpTKuS8trL3MeRJ0VqMPvRsiPMm5A7jjeJs3TuMwD6U3RO-36Okl5Xnb376Bhb9-a2SSuhZIVRHEIJwDrAX0xzvqjDUAB0EaKNXp2XJMIkjfoxaVARb0_-C84cA:1qjCi5:vi2-bc-Si_kDtR6g3NTybzX96q720xfguzjDBrHQT1Q", "expire_date": "2023-10-05T05:58:45.393Z"}}, {"model": "main.author", "pk": 1, "fields": {"user": 1, "fullname": "lmao lmao", "slug": "lmao-lmao", "bio": "nothing", "points": 0, "email": "hoalasamaeu@gmail.com", "profile_pic": "authors/Character_Klee_Thumb_GuJpPKC.webp", "roles": "User"}}, {"model": "main.author", "pk": 2, "fields": {"user": 2, "fullname": "hoalasama", "slug": "hoalasama", "bio": "<p>this is my bio</p>", "points": 0, "email": "hoalasamasp@gmail.com", "profile_pic": "defaults/default_profile_pic.jpg", "roles": "teacher"}}, {"model": "main.author", "pk": 3, "fields": {"user": 3, "fullname": "", "slug": "", "bio": "none", "points": 0, "email": "example@gmail.com", "profile_pic": "defaults/default_profile_pic.jpg", "roles": "User"}}, {"model": "main.author", "pk": 4, "fields": {"user": 3, "fullname": "test acc", "slug": "test-acc", "bio": "none", "points": 0, "email": "hoalasamaeu@gmail.com", "profile_pic": "defaults/default_profile_pic.jpg", "roles": "User"}}, {"model": "main.author", "pk": 5, "fields": {"user": 5, "fullname": "new acc", "slug": "new-acc", "bio": "none", "points": 0, "email": "hoalasama@gmail.com", "profile_pic": "defaults/default_profile_pic.jpg", "roles": "User"}}, {"model": "main.author", "pk": 6, "fields": {"user": 6, "fullname": "hoalasama1", "slug": "hoalasama1", "bio": "none", "points": 0, "email": "hoalasamasp@gmail.com", "profile_pic": "authors/klee.jpeg", "roles": "user"}}, {"model": "main.author", "pk": 7, "fields": {"user": 7, "fullname": "hoalasama2", "slug": "hoalasama2", "bio": "none", "points": 0, "email": "testing@gmail.com", "profile_pic": "authors/klee_gUTVaW3.jpeg", "roles": "user"}}, {"model": "main.category", "pk": 1, "fields": {"title": "programming", "slug": "programming", "description": "description"}}, {"model": "main.category", "pk": 2, "fields": {"title": "testing", "slug": "testing", "description": "description"}}, {"model": "main.category", "pk": 3, "fields": {"title": "AI", "slug": "ai", "description": "description"}}, {"model": "main.category", "pk": 4, "fields": {"title": "new cate", "slug": "new-cate", "description": "description"}}, {"model": "main.category", "pk": 5, "fields": {"title": "new", "slug": "new", "description": "description"}}, {"model": "main.category", "pk": 6, "fields": {"title": "brand", "slug": "brand", "description": "description"}}, {"model": "main.category", "pk": 7, "fields": {"title": "speed", "slug": "speed", "description": "description"}}, {"model": "main.reply", "pk": 1, "fields": {"user": 2, "content": "really ????????", "date": "2023-09-19T12:27:43.344Z"}}, {"model": "main.reply", "pk": 4, "fields": {"user": 2, "content": "really really ????\r\nnani", "date": "2023-10-05T10:17:47.809Z"}}, {"model": "main.comment", "pk": 1, "fields": {"user": 1, "content": "what", "date": "2023-09-18T11:11:32.664Z", "replies": []}}, {"model": "main.comment", "pk": 2, "fields": {"user": 1, "content": "wow it not disappear this time, so weird, but so good if it work\r\n", "date": "2023-09-19T02:20:06.729Z", "replies": [1]}}, {"model": "main.comment", "pk": 3, "fields": {"user": 2, "content": "nani change this", "date": "2023-09-19T11:35:43.613Z", "replies": []}}, {"model": "main.comment", "pk": 4, "fields": {"user": 2, "content": "edit this\r\ndone", "date": "2023-09-19T11:35:50.890Z", "replies": []}}, {"model": "main.comment", "pk": 5, "fields": {"user": 2, "content": "huh", "date": "2023-09-19T11:41:37.408Z", "replies": []}}, {"model": "main.comment", "pk": 6, "fields": {"user": 2, "content": "nani", "date": "2023-09-19T11:41:46.571Z", "replies": []}}, {"model": "main.comment", "pk": 7, "fields": {"user": 2, "content": "nani ", "date": "2023-09-19T11:49:00.501Z", "replies": []}}, {"model": "main.comment", "pk": 8, "fields": {"user": 2, "content": "really ??", "date": "2023-09-19T12:52:42.301Z", "replies": [4]}}, {"model": "main.post", "pk": 1, "fields": {"title": "how to make a website", "slug": "how-to-make-a-website-RKMAuV8f", "user": 1, "content": "i want to make a website for my self", "date": "2023-09-16T10:05:19.102Z", "approved": true, "image": "", "categories": [1], "comments": [1, 7]}}, {"model": "main.post", "pk": 2, "fields": {"title": "how to install ckeditor", "slug": "how-to-install-ckeditor-lT8Joe8b", "user": 1, "content": "<p><strong>Hello</strong></p>\r\n\r\n<p>this is a post from ckeditor</p>\r\n\r\n<p>test&nbsp;<em>test&nbsp;<u>test</u></em></p>", "date": "2023-09-19T02:14:56.039Z", "approved": true, "image": "", "categories": [2], "comments": [5, 6]}}, {"model": "main.post", "pk": 4, "fields": {"title": "need a better user profile interface", "slug": "need-a-better-user-profile-interface-biwmhrnJ", "user": 2, "content": "<p><strong>THE PROFILE INTERFACE IS HORRIBLE, FIX ITTTTT</strong></p>", "date": "2023-09-19T12:46:24.747Z", "approved": true, "image": "", "categories": [2], "comments": [8]}}, {"model": "main.post", "pk": 5, "fields": {"title": "nani", "slug": "nani-lBnEvrxM", "user": 2, "content": "<p>nani nani nani</p>", "date": "2023-09-19T12:54:55.014Z", "approved": true, "image": "", "categories": [3], "comments": []}}, {"model": "main.post", "pk": 8, "fields": {"title": "test", "slug": "test-fNHjrkac", "user": 1, "content": "<p>This</p>\r\n\r\n<p>is more than 50 word right ?</p>\r\n\r\n<p>i think it is</p>\r\n\r\n<p>to make sure it 50 word more i will write some more line&nbsp;</p>\r\n\r\n<p>this much be more than 50 word</p>", "date": "2023-10-06T08:35:50.721Z", "approved": true, "image": "", "categories": [2], "comments": []}}, {"model": "main.post", "pk": 11, "fields": {"title": "1", "slug": "1-m3O4V2lb", "user": 2, "content": "<p>1</p>", "date": "2023-10-07T08:57:04.339Z", "approved": true, "image": "", "categories": [3], "comments": []}}, {"model": "main.post", "pk": 12, "fields": {"title": "1", "slug": "1-tGnGlEp2", "user": 2, "content": "<p>2</p>", "date": "2023-10-07T08:57:21.343Z", "approved": true, "image": "post_images/inazuma4.png", "categories": [2], "comments": []}}, {"model": "main.vote", "pk": 1, "fields": {"user": 2, "post": 4, "activity_type": "U"}}, {"model": "main.vote", "pk": 2, "fields": {"user": 2, "post": 5, "activity_type": "U"}}, {"model": "main.vote", "pk": 3, "fields": {"user": 2, "post": 8, "activity_type": "U"}}, {"model": "hitcount.hitcount", "pk": 1, "fields": {"hits": 3, "modified": "2023-10-05T10:17:34.081Z", "content_type": 11, "object_pk": 1}}, {"model": "hitcount.hitcount", "pk": 2, "fields": {"hits": 3, "modified": "2023-10-06T08:36:32.410Z", "content_type": 11, "object_pk": 2}}, {"model": "hitcount.hitcount", "pk": 4, "fields": {"hits": 2, "modified": "2023-10-05T10:06:57.509Z", "content_type": 11, "object_pk": 4}}, {"model": "hitcount.hitcount", "pk": 5, "fields": {"hits": 2, "modified": "2023-10-05T08:03:03.201Z", "content_type": 11, "object_pk": 5}}, {"model": "hitcount.hitcount", "pk": 8, "fields": {"hits": 1, "modified": "2023-10-06T09:08:03.642Z", "content_type": 11, "object_pk": 8}}, {"model": "hitcount.hitcount", "pk": 11, "fields": {"hits": 1, "modified": "2023-10-10T05:23:39.714Z", "content_type": 11, "object_pk": 11}}, {"model": "hitcount.hitcount", "pk": 12, "fields": {"hits": 0, "modified": "2023-10-07T08:57:21.370Z", "content_type": 11, "object_pk": 12}}, {"model": "hitcount.hit", "pk": 1, "fields": {"created": "2023-09-18T11:11:26.383Z", "ip": "127.0.0.1", "session": "dmk0s521mkzqayc4x12njf1wlkp5tg4d", "user_agent": "Mozilla/5.0 (Windows NT 10.0; Win64; x64) AppleWebKit/537.36 (KHTML, like Gecko) Chrome/116.0.0.0 Safari/537.36", "user": 1, "hitcount": 1}}, {"model": "hitcount.hit", "pk": 4, "fields": {"created": "2023-09-19T11:41:33.618Z", "ip": "127.0.0.1", "session": "c4cpazjuqqrh5gpecb1zrh4nlfll1x4a", "user_agent": "Mozilla/5.0 (Windows NT 10.0; Win64; x64) AppleWebKit/537.36 (KHTML, like Gecko) Chrome/116.0.0.0 Safari/537.36", "user": 2, "hitcount": 2}}, {"model": "hitcount.hit", "pk": 5, "fields": {"created": "2023-09-19T11:48:47.393Z", "ip": "127.0.0.1", "session": "c4cpazjuqqrh5gpecb1zrh4nlfll1x4a", "user_agent": "Mozilla/5.0 (Windows NT 10.0; Win64; x64) AppleWebKit/537.36 (KHTML, like Gecko) Chrome/116.0.0.0 Safari/537.36", "user": 2, "hitcount": 1}}, {"model": "hitcount.hit", "pk": 6, "fields": {"created": "2023-09-19T12:46:54.281Z", "ip": "127.0.0.1", "session": "c4cpazjuqqrh5gpecb1zrh4nlfll1x4a", "user_agent": "Mozilla/5.0 (Windows NT 10.0; Win64; x64) AppleWebKit/537.36 (KHTML, like Gecko) Chrome/116.0.0.0 Safari/537.36", "user": 2, "hitcount": 4}}, {"model": "hitcount.hit", "pk": 7, "fields": {"created": "2023-09-21T05:39:27.526Z", "ip": "127.0.0.1", "session": "phkj6kqy07g1u8lrr5oq1e8atf39t92v", "user_agent": "Mozilla/5.0 (Windows NT 10.0; Win64; x64) AppleWebKit/537.36 (KHTML, like Gecko) Chrome/116.0.0.0 Safari/537.36", "user": 2, "hitcount": 5}}, {"model": "hitcount.hit", "pk": 9, "fields": {"created": "2023-10-05T08:03:03.204Z", "ip": "127.0.0.1", "session": "j88t4uf7r4e8ohhk8wu62f6kl1au5hhe", "user_agent": "Mozilla/5.0 (Windows NT 10.0; Win64; x64) AppleWebKit/537.36 (KHTML, like Gecko) Chrome/117.0.0.0 Safari/537.36", "user": 2, "hitcount": 5}}, {"model": "hitcount.hit", "pk": 10, "fields": {"created": "2023-10-05T10:06:57.509Z", "ip": "127.0.0.1", "session": "z6wps1gn64sobamyn9qtfp0j9vwxxan7", "user_agent": "Mozilla/5.0 (Windows NT 10.0; Win64; x64) AppleWebKit/537.36 (KHTML, like Gecko) Chrome/117.0.0.0 Safari/537.36", "user": 2, "hitcount": 4}}, {"model": "hitcount.hit", "pk": 11, "fields": {"created": "2023-10-05T10:17:29.268Z", "ip": "127.0.0.1", "session": "z6wps1gn64sobamyn9qtfp0j9vwxxan7", "user_agent": "Mozilla/5.0 (Windows NT 10.0; Win64; x64) AppleWebKit/537.36 (KHTML, like Gecko) Chrome/117.0.0.0 Safari/537.36", "user": 2, "hitcount": 2}}, {"model": "hitcount.hit", "pk": 12, "fields": {"created": "2023-10-05T10:17:34.090Z", "ip": "127.0.0.1", "session": "z6wps1gn64sobamyn9qtfp0j9vwxxan7", "user_agent": "Mozilla/5.0 (Windows NT 10.0; Win64; x64) AppleWebKit/537.36 (KHTML, like Gecko) Chrome/117.0.0.0 Safari/537.36", "user": 2, "hitcount": 1}}, {"model": "hitcount.hit", "pk": 14, "fields": {"created": "2023-10-06T08:36:32.413Z", "ip": "127.0.0.1", "session": "davky2h8t29ju6xhqmotuq9ala64t5nk", "user_agent": "Mozilla/5.0 (Windows NT 10.0; Win64; x64) AppleWebKit/537.36 (KHTML, like Gecko) Chrome/117.0.0.0 Safari/537.36", "user": 1, "hitcount": 2}}, {"model": "hitcount.hit", "pk": 15, "fields": {"created": "2023-10-06T09:08:03.665Z", "ip": "127.0.0.1", "session": "xhpeq6iyobspq25v1l64kw1s5yucp3g5", "user_agent": "Mozilla/5.0 (Windows NT 10.0; Win64; x64) AppleWebKit/537.36 (KHTML, like Gecko) Chrome/117.0.0.0 Safari/537.36", "user": 2, "hitcount": 8}}, {"model": "hitcount.hit", "pk": 17, "fields": {"created": "2023-10-10T05:23:39.717Z", "ip": "127.0.0.1", "session": "63zp4scqv50gois4b4eqxqjj5c4bocx2", "user_agent": "Mozilla/5.0 (Windows NT 10.0; Win64; x64) AppleWebKit/537.36 (KHTML, like Gecko) Chrome/117.0.0.0 Safari/537.36", "user": 2, "hitcount": 11}}, {"model": "taggit.tag", "pk": 1, "fields": {"name": "helpme", "slug": "helpme"}}, {"model": "taggit.tag", "pk": 2, "fields": {"name": "lmao", "slug": "lmao"}}, {"model": "taggit.tag", "pk": 3, "fields": {"name": "bot", "slug": "bot"}}, {"model": "taggit.tag", "pk": 4, "fields": {"name": "test", "slug": "test"}}, {"model": "taggit.tag", "pk": 5, "fields": {"name": "ai", "slug": "ai"}}, {"model": "taggit.tag", "pk": 6, "fields": {"name": "fast", "slug": "fast"}}, {"model": "taggit.tag", "pk": 7, "fields": {"name": "sdaf", "slug": "sdaf"}}, {"model": "taggit.taggeditem", "pk": 1, "fields": {"tag": 1, "content_type": 11, "object_id": 1}}, {"model": "taggit.taggeditem", "pk": 2, "fields": {"tag": 2, "content_type": 11, "object_id": 2}}, {"model": "taggit.taggeditem", "pk": 6, "fields": {"tag": 6, "content_type": 11, "object_id": 4}}, {"model": "taggit.taggeditem", "pk": 7, "fields": {"tag": 3, "content_type": 11, "object_id": 5}}, {"model": "taggit.taggeditem", "pk": 10, "fields": {"tag": 4, "content_type": 11, "object_id": 8}}, {"model": "taggit.taggeditem", "pk": 13, "fields": {"tag": 4, "content_type": 11, "object_id": 11}}, {"model": "taggit.taggeditem", "pk": 14, "fields": {"tag": 4, "content_type": 11, "object_id": 12}}]