[{"model": "admin.logentry", "pk": 1, "fields": {"action_time": "2023-06-15T08:39:49.189Z", "user": 1, "content_type": 7, "object_id": "1", "object_repr": "lmao lmao", "action_flag": 1, "change_message": "[{\"added\": {}}]"}}, {"model": "admin.logentry", "pk": 2, "fields": {"action_time": "2023-06-15T08:41:13.007Z", "user": 1, "content_type": 7, "object_id": "1", "object_repr": "lmao lmao", "action_flag": 2, "change_message": "[{\"changed\": {\"fields\": [\"Profile pic\"]}}]"}}, {"model": "admin.logentry", "pk": 3, "fields": {"action_time": "2023-06-15T08:41:24.020Z", "user": 1, "content_type": 7, "object_id": "1", "object_repr": "lmao lmao", "action_flag": 2, "change_message": "[]"}}, {"model": "admin.logentry", "pk": 4, "fields": {"action_time": "2023-06-15T08:44:21.786Z", "user": 1, "content_type": 8, "object_id": "1", "object_repr": "Programming", "action_flag": 1, "change_message": "[{\"added\": {}}]"}}, {"model": "admin.logentry", "pk": 5, "fields": {"action_time": "2023-06-15T08:44:26.590Z", "user": 1, "content_type": 8, "object_id": "2", "object_repr": "Coding", "action_flag": 1, "change_message": "[{\"added\": {}}]"}}, {"model": "admin.logentry", "pk": 6, "fields": {"action_time": "2023-06-15T08:44:31.162Z", "user": 1, "content_type": 8, "object_id": "3", "object_repr": "AI", "action_flag": 1, "change_message": "[{\"added\": {}}]"}}, {"model": "admin.logentry", "pk": 7, "fields": {"action_time": "2023-06-15T08:45:29.576Z", "user": 1, "content_type": 9, "object_id": "1", "object_repr": "Question?", "action_flag": 1, "change_message": "[{\"added\": {}}]"}}, {"model": "admin.logentry", "pk": 8, "fields": {"action_time": "2023-06-15T09:29:24.283Z", "user": 1, "content_type": 8, "object_id": "1", "object_repr": "Programming", "action_flag": 2, "change_message": "[{\"changed\": {\"fields\": [\"Description\"]}}]"}}, {"model": "admin.logentry", "pk": 9, "fields": {"action_time": "2023-06-15T09:50:46.190Z", "user": 1, "content_type": 17, "object_id": "1", "object_repr": "First comment", "action_flag": 1, "change_message": "[{\"added\": {}}]"}}, {"model": "admin.logentry", "pk": 10, "fields": {"action_time": "2023-06-15T09:51:10.292Z", "user": 1, "content_type": 16, "object_id": "1", "object_repr": "A reply", "action_flag": 1, "change_message": "[{\"added\": {}}]"}}, {"model": "admin.logentry", "pk": 11, "fields": {"action_time": "2023-06-15T09:51:30.150Z", "user": 1, "content_type": 17, "object_id": "1", "object_repr": "First comment", "action_flag": 2, "change_message": "[{\"changed\": {\"fields\": [\"Replies\"]}}]"}}, {"model": "admin.logentry", "pk": 12, "fields": {"action_time": "2023-06-15T09:51:56.092Z", "user": 1, "content_type": 9, "object_id": "1", "object_repr": "Question?", "action_flag": 2, "change_message": "[{\"changed\": {\"fields\": [\"Comments\"]}}]"}}, {"model": "admin.logentry", "pk": 13, "fields": {"action_time": "2023-06-15T10:06:58.754Z", "user": 1, "content_type": 16, "object_id": "2", "object_repr": "Another reply", "action_flag": 1, "change_message": "[{\"added\": {}}]"}}, {"model": "admin.logentry", "pk": 14, "fields": {"action_time": "2023-06-15T10:07:10.193Z", "user": 1, "content_type": 17, "object_id": "1", "object_repr": "First comment", "action_flag": 2, "change_message": "[{\"changed\": {\"fields\": [\"Replies\"]}}]"}}, {"model": "admin.logentry", "pk": 15, "fields": {"action_time": "2023-06-17T13:17:28.182Z", "user": 1, "content_type": 7, "object_id": "3", "object_repr": "secondnew", "action_flag": 3, "change_message": ""}}, {"model": "admin.logentry", "pk": 16, "fields": {"action_time": "2023-06-17T13:40:28.042Z", "user": 1, "content_type": 9, "object_id": "2", "object_repr": "new post", "action_flag": 2, "change_message": "[{\"changed\": {\"fields\": [\"Content\", \"Categories\", \"Approved\", \"Tags\"]}}]"}}, {"model": "admin.logentry", "pk": 17, "fields": {"action_time": "2023-06-17T13:49:28.753Z", "user": 1, "content_type": 7, "object_id": "1", "object_repr": "lmao lmao", "action_flag": 2, "change_message": "[{\"changed\": {\"fields\": [\"Profile pic\"]}}]"}}, {"model": "admin.logentry", "pk": 18, "fields": {"action_time": "2023-06-17T14:11:57.582Z", "user": 1, "content_type": 7, "object_id": "4", "object_repr": "3new", "action_flag": 3, "change_message": ""}}, {"model": "admin.logentry", "pk": 19, "fields": {"action_time": "2023-06-17T14:11:57.587Z", "user": 1, "content_type": 7, "object_id": "2", "object_repr": "a brand new account", "action_flag": 3, "change_message": ""}}, {"model": "admin.logentry", "pk": 20, "fields": {"action_time": "2023-06-17T14:12:13.808Z", "user": 1, "content_type": 4, "object_id": "3", "object_repr": "new", "action_flag": 3, "change_message": ""}}, {"model": "admin.logentry", "pk": 21, "fields": {"action_time": "2023-06-17T14:12:13.813Z", "user": 1, "content_type": 4, "object_id": "4", "object_repr": "new1", "action_flag": 3, "change_message": ""}}, {"model": "admin.logentry", "pk": 22, "fields": {"action_time": "2023-06-17T14:12:13.816Z", "user": 1, "content_type": 4, "object_id": "5", "object_repr": "new2", "action_flag": 3, "change_message": ""}}, {"model": "admin.logentry", "pk": 23, "fields": {"action_time": "2023-06-17T14:12:13.820Z", "user": 1, "content_type": 4, "object_id": "2", "object_repr": "test", "action_flag": 3, "change_message": ""}}, {"model": "admin.logentry", "pk": 24, "fields": {"action_time": "2023-06-17T14:15:04.854Z", "user": 1, "content_type": 9, "object_id": "3", "object_repr": "how to code ?", "action_flag": 2, "change_message": "[{\"changed\": {\"fields\": [\"Content\", \"Categories\", \"Approved\", \"Tags\"]}}]"}}, {"model": "admin.logentry", "pk": 25, "fields": {"action_time": "2023-06-17T14:20:51.449Z", "user": 1, "content_type": 9, "object_id": "4", "object_repr": "a new post", "action_flag": 2, "change_message": "[{\"changed\": {\"fields\": [\"Content\", \"Categories\", \"Tags\"]}}]"}}, {"model": "admin.logentry", "pk": 26, "fields": {"action_time": "2023-06-17T15:01:03.550Z", "user": 1, "content_type": 9, "object_id": "6", "object_repr": "a", "action_flag": 2, "change_message": "[{\"changed\": {\"fields\": [\"Content\", \"Categories\", \"Approved\", \"Tags\"]}}]"}}, {"model": "admin.logentry", "pk": 27, "fields": {"action_time": "2023-06-17T15:01:31.807Z", "user": 1, "content_type": 9, "object_id": "5", "object_repr": "AI?", "action_flag": 2, "change_message": "[{\"changed\": {\"fields\": [\"Content\", \"Categories\", \"Tags\"]}}]"}}, {"model": "admin.logentry", "pk": 28, "fields": {"action_time": "2023-06-17T15:42:37.438Z", "user": 1, "content_type": 9, "object_id": "7", "object_repr": "testing", "action_flag": 3, "change_message": ""}}, {"model": "admin.logentry", "pk": 29, "fields": {"action_time": "2023-06-17T15:42:37.442Z", "user": 1, "content_type": 9, "object_id": "6", "object_repr": "a", "action_flag": 3, "change_message": ""}}, {"model": "admin.logentry", "pk": 30, "fields": {"action_time": "2023-06-17T15:42:37.446Z", "user": 1, "content_type": 9, "object_id": "5", "object_repr": "AI?", "action_flag": 3, "change_message": ""}}, {"model": "admin.logentry", "pk": 31, "fields": {"action_time": "2023-06-17T15:42:37.449Z", "user": 1, "content_type": 9, "object_id": "4", "object_repr": "a new post", "action_flag": 3, "change_message": ""}}, {"model": "admin.logentry", "pk": 32, "fields": {"action_time": "2023-06-17T15:42:37.452Z", "user": 1, "content_type": 9, "object_id": "3", "object_repr": "how to code ?", "action_flag": 3, "change_message": ""}}, {"model": "admin.logentry", "pk": 33, "fields": {"action_time": "2023-06-18T11:23:50.902Z", "user": 1, "content_type": 9, "object_id": "9", "object_repr": "newpost", "action_flag": 2, "change_message": "[{\"changed\": {\"fields\": [\"Content\"]}}]"}}, {"model": "admin.logentry", "pk": 34, "fields": {"action_time": "2023-06-18T11:23:56.569Z", "user": 1, "content_type": 9, "object_id": "9", "object_repr": "newpost", "action_flag": 2, "change_message": "[{\"changed\": {\"fields\": [\"Approved\"]}}]"}}, {"model": "admin.logentry", "pk": 35, "fields": {"action_time": "2023-06-18T11:26:04.090Z", "user": 1, "content_type": 9, "object_id": "10", "object_repr": "something", "action_flag": 2, "change_message": "[{\"changed\": {\"fields\": [\"Title\", \"Slug\", \"Content\", \"Approved\"]}}]"}}, {"model": "admin.logentry", "pk": 36, "fields": {"action_time": "2023-06-18T11:26:53.376Z", "user": 1, "content_type": 8, "object_id": "4", "object_repr": "Bot", "action_flag": 1, "change_message": "[{\"added\": {}}]"}}, {"model": "admin.logentry", "pk": 37, "fields": {"action_time": "2023-06-18T11:30:26.724Z", "user": 1, "content_type": 9, "object_id": "10", "object_repr": "something", "action_flag": 3, "change_message": ""}}, {"model": "admin.logentry", "pk": 38, "fields": {"action_time": "2023-06-18T11:30:26.728Z", "user": 1, "content_type": 9, "object_id": "9", "object_repr": "newpost", "action_flag": 3, "change_message": ""}}, {"model": "admin.logentry", "pk": 39, "fields": {"action_time": "2023-06-18T11:30:26.732Z", "user": 1, "content_type": 9, "object_id": "8", "object_repr": "a title", "action_flag": 3, "change_message": ""}}, {"model": "admin.logentry", "pk": 40, "fields": {"action_time": "2023-07-01T11:43:10.486Z", "user": 1, "content_type": 8, "object_id": "1", "object_repr": "Programming", "action_flag": 1, "change_message": "[{\"added\": {}}]"}}, {"model": "admin.logentry", "pk": 41, "fields": {"action_time": "2023-07-01T11:43:22.842Z", "user": 1, "content_type": 8, "object_id": "2", "object_repr": "Testing", "action_flag": 1, "change_message": "[{\"added\": {}}]"}}, {"model": "admin.logentry", "pk": 42, "fields": {"action_time": "2023-07-01T11:43:29.234Z", "user": 1, "content_type": 8, "object_id": "3", "object_repr": "Bot", "action_flag": 1, "change_message": "[{\"added\": {}}]"}}, {"model": "admin.logentry", "pk": 43, "fields": {"action_time": "2023-07-01T11:43:34.292Z", "user": 1, "content_type": 8, "object_id": "4", "object_repr": "AI", "action_flag": 1, "change_message": "[{\"added\": {}}]"}}, {"model": "admin.logentry", "pk": 44, "fields": {"action_time": "2023-07-01T11:43:45.775Z", "user": 1, "content_type": 8, "object_id": "2", "object_repr": "Testing", "action_flag": 3, "change_message": ""}}, {"model": "admin.logentry", "pk": 45, "fields": {"action_time": "2023-07-01T11:43:51.015Z", "user": 1, "content_type": 8, "object_id": "5", "object_repr": "Testing", "action_flag": 1, "change_message": "[{\"added\": {}}]"}}, {"model": "admin.logentry", "pk": 46, "fields": {"action_time": "2023-07-01T11:45:54.169Z", "user": 1, "content_type": 4, "object_id": "6", "object_repr": "new", "action_flag": 3, "change_message": ""}}, {"model": "admin.logentry", "pk": 47, "fields": {"action_time": "2023-07-01T11:45:54.174Z", "user": 1, "content_type": 4, "object_id": "8", "object_repr": "newacc", "action_flag": 3, "change_message": ""}}, {"model": "admin.logentry", "pk": 48, "fields": {"action_time": "2023-07-01T11:45:54.177Z", "user": 1, "content_type": 4, "object_id": "7", "object_repr": "test", "action_flag": 3, "change_message": ""}}, {"model": "admin.logentry", "pk": 49, "fields": {"action_time": "2023-07-01T11:46:09.467Z", "user": 1, "content_type": 15, "object_id": "1", "object_repr": "None", "action_flag": 3, "change_message": ""}}, {"model": "admin.logentry", "pk": 50, "fields": {"action_time": "2023-07-01T11:46:09.471Z", "user": 1, "content_type": 15, "object_id": "19", "object_repr": "None", "action_flag": 3, "change_message": ""}}, {"model": "admin.logentry", "pk": 51, "fields": {"action_time": "2023-07-01T11:46:09.475Z", "user": 1, "content_type": 15, "object_id": "16", "object_repr": "None", "action_flag": 3, "change_message": ""}}, {"model": "admin.logentry", "pk": 52, "fields": {"action_time": "2023-07-01T11:46:09.478Z", "user": 1, "content_type": 15, "object_id": "9", "object_repr": "None", "action_flag": 3, "change_message": ""}}, {"model": "admin.logentry", "pk": 53, "fields": {"action_time": "2023-07-01T11:46:09.482Z", "user": 1, "content_type": 15, "object_id": "7", "object_repr": "None", "action_flag": 3, "change_message": ""}}, {"model": "admin.logentry", "pk": 54, "fields": {"action_time": "2023-07-01T11:46:09.485Z", "user": 1, "content_type": 15, "object_id": "17", "object_repr": "None", "action_flag": 3, "change_message": ""}}, {"model": "admin.logentry", "pk": 55, "fields": {"action_time": "2023-07-01T11:46:09.488Z", "user": 1, "content_type": 15, "object_id": "21", "object_repr": "None", "action_flag": 3, "change_message": ""}}, {"model": "admin.logentry", "pk": 56, "fields": {"action_time": "2023-07-01T11:46:18.446Z", "user": 1, "content_type": 10, "object_id": "6", "object_repr": "1", "action_flag": 3, "change_message": ""}}, {"model": "admin.logentry", "pk": 57, "fields": {"action_time": "2023-07-01T11:46:18.451Z", "user": 1, "content_type": 10, "object_id": "7", "object_repr": "2", "action_flag": 3, "change_message": ""}}, {"model": "admin.logentry", "pk": 58, "fields": {"action_time": "2023-07-01T11:46:18.454Z", "user": 1, "content_type": 10, "object_id": "8", "object_repr": "3", "action_flag": 3, "change_message": ""}}, {"model": "admin.logentry", "pk": 59, "fields": {"action_time": "2023-07-01T11:46:18.457Z", "user": 1, "content_type": 10, "object_id": "9", "object_repr": "4", "action_flag": 3, "change_message": ""}}, {"model": "admin.logentry", "pk": 60, "fields": {"action_time": "2023-07-01T11:46:18.461Z", "user": 1, "content_type": 10, "object_id": "12", "object_repr": "a", "action_flag": 3, "change_message": ""}}, {"model": "admin.logentry", "pk": 61, "fields": {"action_time": "2023-07-01T11:46:18.464Z", "user": 1, "content_type": 10, "object_id": "4", "object_repr": "ai", "action_flag": 3, "change_message": ""}}, {"model": "admin.logentry", "pk": 62, "fields": {"action_time": "2023-07-01T11:46:18.467Z", "user": 1, "content_type": 10, "object_id": "11", "object_repr": "as", "action_flag": 3, "change_message": ""}}, {"model": "admin.logentry", "pk": 63, "fields": {"action_time": "2023-07-01T11:46:18.471Z", "user": 1, "content_type": 10, "object_id": "13", "object_repr": "atesingtag", "action_flag": 3, "change_message": ""}}, {"model": "admin.logentry", "pk": 64, "fields": {"action_time": "2023-07-01T11:46:18.474Z", "user": 1, "content_type": 10, "object_id": "5", "object_repr": "bot", "action_flag": 3, "change_message": ""}}, {"model": "admin.logentry", "pk": 65, "fields": {"action_time": "2023-07-01T11:46:18.478Z", "user": 1, "content_type": 10, "object_id": "3", "object_repr": "coding", "action_flag": 3, "change_message": ""}}, {"model": "admin.logentry", "pk": 66, "fields": {"action_time": "2023-07-01T11:46:18.481Z", "user": 1, "content_type": 10, "object_id": "2", "object_repr": "helpme", "action_flag": 3, "change_message": ""}}, {"model": "admin.logentry", "pk": 67, "fields": {"action_time": "2023-07-01T11:46:18.484Z", "user": 1, "content_type": 10, "object_id": "1", "object_repr": "lmao", "action_flag": 3, "change_message": ""}}, {"model": "admin.logentry", "pk": 68, "fields": {"action_time": "2023-07-01T11:46:18.487Z", "user": 1, "content_type": 10, "object_id": "10", "object_repr": "safd", "action_flag": 3, "change_message": ""}}, {"model": "admin.logentry", "pk": 69, "fields": {"action_time": "2023-07-11T07:43:05.936Z", "user": 1, "content_type": 9, "object_id": "2", "object_repr": "s", "action_flag": 3, "change_message": ""}}, {"model": "admin.logentry", "pk": 70, "fields": {"action_time": "2023-07-11T07:45:47.763Z", "user": 1, "content_type": 4, "object_id": "1", "object_repr": "admin", "action_flag": 2, "change_message": "[{\"changed\": {\"fields\": [\"First name\", \"Last name\"]}}]"}}, {"model": "auth.permission", "pk": 1, "fields": {"name": "Can add log entry", "content_type": 1, "codename": "add_logentry"}}, {"model": "auth.permission", "pk": 2, "fields": {"name": "Can change log entry", "content_type": 1, "codename": "change_logentry"}}, {"model": "auth.permission", "pk": 3, "fields": {"name": "Can delete log entry", "content_type": 1, "codename": "delete_logentry"}}, {"model": "auth.permission", "pk": 4, "fields": {"name": "Can view log entry", "content_type": 1, "codename": "view_logentry"}}, {"model": "auth.permission", "pk": 5, "fields": {"name": "Can add permission", "content_type": 2, "codename": "add_permission"}}, {"model": "auth.permission", "pk": 6, "fields": {"name": "Can change permission", "content_type": 2, "codename": "change_permission"}}, {"model": "auth.permission", "pk": 7, "fields": {"name": "Can delete permission", "content_type": 2, "codename": "delete_permission"}}, {"model": "auth.permission", "pk": 8, "fields": {"name": "Can view permission", "content_type": 2, "codename": "view_permission"}}, {"model": "auth.permission", "pk": 9, "fields": {"name": "Can add group", "content_type": 3, "codename": "add_group"}}, {"model": "auth.permission", "pk": 10, "fields": {"name": "Can change group", "content_type": 3, "codename": "change_group"}}, {"model": "auth.permission", "pk": 11, "fields": {"name": "Can delete group", "content_type": 3, "codename": "delete_group"}}, {"model": "auth.permission", "pk": 12, "fields": {"name": "Can view group", "content_type": 3, "codename": "view_group"}}, {"model": "auth.permission", "pk": 13, "fields": {"name": "Can add user", "content_type": 4, "codename": "add_user"}}, {"model": "auth.permission", "pk": 14, "fields": {"name": "Can change user", "content_type": 4, "codename": "change_user"}}, {"model": "auth.permission", "pk": 15, "fields": {"name": "Can delete user", "content_type": 4, "codename": "delete_user"}}, {"model": "auth.permission", "pk": 16, "fields": {"name": "Can view user", "content_type": 4, "codename": "view_user"}}, {"model": "auth.permission", "pk": 17, "fields": {"name": "Can add content type", "content_type": 5, "codename": "add_contenttype"}}, {"model": "auth.permission", "pk": 18, "fields": {"name": "Can change content type", "content_type": 5, "codename": "change_contenttype"}}, {"model": "auth.permission", "pk": 19, "fields": {"name": "Can delete content type", "content_type": 5, "codename": "delete_contenttype"}}, {"model": "auth.permission", "pk": 20, "fields": {"name": "Can view content type", "content_type": 5, "codename": "view_contenttype"}}, {"model": "auth.permission", "pk": 21, "fields": {"name": "Can add session", "content_type": 6, "codename": "add_session"}}, {"model": "auth.permission", "pk": 22, "fields": {"name": "Can change session", "content_type": 6, "codename": "change_session"}}, {"model": "auth.permission", "pk": 23, "fields": {"name": "Can delete session", "content_type": 6, "codename": "delete_session"}}, {"model": "auth.permission", "pk": 24, "fields": {"name": "Can view session", "content_type": 6, "codename": "view_session"}}, {"model": "auth.permission", "pk": 25, "fields": {"name": "Can add author", "content_type": 7, "codename": "add_author"}}, {"model": "auth.permission", "pk": 26, "fields": {"name": "Can change author", "content_type": 7, "codename": "change_author"}}, {"model": "auth.permission", "pk": 27, "fields": {"name": "Can delete author", "content_type": 7, "codename": "delete_author"}}, {"model": "auth.permission", "pk": 28, "fields": {"name": "Can view author", "content_type": 7, "codename": "view_author"}}, {"model": "auth.permission", "pk": 29, "fields": {"name": "Can add category", "content_type": 8, "codename": "add_category"}}, {"model": "auth.permission", "pk": 30, "fields": {"name": "Can change category", "content_type": 8, "codename": "change_category"}}, {"model": "auth.permission", "pk": 31, "fields": {"name": "Can delete category", "content_type": 8, "codename": "delete_category"}}, {"model": "auth.permission", "pk": 32, "fields": {"name": "Can view category", "content_type": 8, "codename": "view_category"}}, {"model": "auth.permission", "pk": 33, "fields": {"name": "Can add post", "content_type": 9, "codename": "add_post"}}, {"model": "auth.permission", "pk": 34, "fields": {"name": "Can change post", "content_type": 9, "codename": "change_post"}}, {"model": "auth.permission", "pk": 35, "fields": {"name": "Can delete post", "content_type": 9, "codename": "delete_post"}}, {"model": "auth.permission", "pk": 36, "fields": {"name": "Can view post", "content_type": 9, "codename": "view_post"}}, {"model": "auth.permission", "pk": 37, "fields": {"name": "Can add tag", "content_type": 10, "codename": "add_tag"}}, {"model": "auth.permission", "pk": 38, "fields": {"name": "Can change tag", "content_type": 10, "codename": "change_tag"}}, {"model": "auth.permission", "pk": 39, "fields": {"name": "Can delete tag", "content_type": 10, "codename": "delete_tag"}}, {"model": "auth.permission", "pk": 40, "fields": {"name": "Can view tag", "content_type": 10, "codename": "view_tag"}}, {"model": "auth.permission", "pk": 41, "fields": {"name": "Can add tagged item", "content_type": 11, "codename": "add_taggeditem"}}, {"model": "auth.permission", "pk": 42, "fields": {"name": "Can change tagged item", "content_type": 11, "codename": "change_taggeditem"}}, {"model": "auth.permission", "pk": 43, "fields": {"name": "Can delete tagged item", "content_type": 11, "codename": "delete_taggeditem"}}, {"model": "auth.permission", "pk": 44, "fields": {"name": "Can view tagged item", "content_type": 11, "codename": "view_taggeditem"}}, {"model": "auth.permission", "pk": 45, "fields": {"name": "Can add Blacklisted IP", "content_type": 12, "codename": "add_blacklistip"}}, {"model": "auth.permission", "pk": 46, "fields": {"name": "Can change Blacklisted IP", "content_type": 12, "codename": "change_blacklistip"}}, {"model": "auth.permission", "pk": 47, "fields": {"name": "Can delete Blacklisted IP", "content_type": 12, "codename": "delete_blacklistip"}}, {"model": "auth.permission", "pk": 48, "fields": {"name": "Can view Blacklisted IP", "content_type": 12, "codename": "view_blacklistip"}}, {"model": "auth.permission", "pk": 49, "fields": {"name": "Can add Blacklisted User Agent", "content_type": 13, "codename": "add_blacklistuseragent"}}, {"model": "auth.permission", "pk": 50, "fields": {"name": "Can change Blacklisted User Agent", "content_type": 13, "codename": "change_blacklistuseragent"}}, {"model": "auth.permission", "pk": 51, "fields": {"name": "Can delete Blacklisted User Agent", "content_type": 13, "codename": "delete_blacklistuseragent"}}, {"model": "auth.permission", "pk": 52, "fields": {"name": "Can view Blacklisted User Agent", "content_type": 13, "codename": "view_blacklistuseragent"}}, {"model": "auth.permission", "pk": 53, "fields": {"name": "Can add hit", "content_type": 14, "codename": "add_hit"}}, {"model": "auth.permission", "pk": 54, "fields": {"name": "Can change hit", "content_type": 14, "codename": "change_hit"}}, {"model": "auth.permission", "pk": 55, "fields": {"name": "Can delete hit", "content_type": 14, "codename": "delete_hit"}}, {"model": "auth.permission", "pk": 56, "fields": {"name": "Can view hit", "content_type": 14, "codename": "view_hit"}}, {"model": "auth.permission", "pk": 57, "fields": {"name": "Can add hit count", "content_type": 15, "codename": "add_hitcount"}}, {"model": "auth.permission", "pk": 58, "fields": {"name": "Can change hit count", "content_type": 15, "codename": "change_hitcount"}}, {"model": "auth.permission", "pk": 59, "fields": {"name": "Can delete hit count", "content_type": 15, "codename": "delete_hitcount"}}, {"model": "auth.permission", "pk": 60, "fields": {"name": "Can view hit count", "content_type": 15, "codename": "view_hitcount"}}, {"model": "auth.permission", "pk": 61, "fields": {"name": "Can add reply", "content_type": 16, "codename": "add_reply"}}, {"model": "auth.permission", "pk": 62, "fields": {"name": "Can change reply", "content_type": 16, "codename": "change_reply"}}, {"model": "auth.permission", "pk": 63, "fields": {"name": "Can delete reply", "content_type": 16, "codename": "delete_reply"}}, {"model": "auth.permission", "pk": 64, "fields": {"name": "Can view reply", "content_type": 16, "codename": "view_reply"}}, {"model": "auth.permission", "pk": 65, "fields": {"name": "Can add comment", "content_type": 17, "codename": "add_comment"}}, {"model": "auth.permission", "pk": 66, "fields": {"name": "Can change comment", "content_type": 17, "codename": "change_comment"}}, {"model": "auth.permission", "pk": 67, "fields": {"name": "Can delete comment", "content_type": 17, "codename": "delete_comment"}}, {"model": "auth.permission", "pk": 68, "fields": {"name": "Can view comment", "content_type": 17, "codename": "view_comment"}}, {"model": "auth.permission", "pk": 69, "fields": {"name": "Can add activity", "content_type": 18, "codename": "add_activity"}}, {"model": "auth.permission", "pk": 70, "fields": {"name": "Can change activity", "content_type": 18, "codename": "change_activity"}}, {"model": "auth.permission", "pk": 71, "fields": {"name": "Can delete activity", "content_type": 18, "codename": "delete_activity"}}, {"model": "auth.permission", "pk": 72, "fields": {"name": "Can view activity", "content_type": 18, "codename": "view_activity"}}, {"model": "auth.permission", "pk": 73, "fields": {"name": "Can add vote", "content_type": 19, "codename": "add_vote"}}, {"model": "auth.permission", "pk": 74, "fields": {"name": "Can change vote", "content_type": 19, "codename": "change_vote"}}, {"model": "auth.permission", "pk": 75, "fields": {"name": "Can delete vote", "content_type": 19, "codename": "delete_vote"}}, {"model": "auth.permission", "pk": 76, "fields": {"name": "Can view vote", "content_type": 19, "codename": "view_vote"}}, {"model": "auth.user", "pk": 1, "fields": {"password": "pbkdf2_sha256$260000$tN3CeAe5CiI3zvAySXj6BH$frWwtvDWMrQa0qM2FEqRXYYkBSzecahMpzOS6wt4xtk=", "last_login": "2023-07-14T03:08:07.306Z", "is_superuser": true, "username": "admin", "first_name": "what", "last_name": "nani", "email": "hoalasamaeu@gmail.com", "is_staff": true, "is_active": true, "date_joined": "2023-06-15T08:21:24Z", "groups": [], "user_permissions": []}}, {"model": "auth.user", "pk": 9, "fields": {"password": "pbkdf2_sha256$260000$ojXcrJo7OE0g66fD1VknGN$W+Pp5Fe6ZbPvjK1Qb85BAsse0JTYgcRh8Pl9gr0Eh8U=", "last_login": "2023-07-14T03:43:45.020Z", "is_superuser": false, "username": "test", "first_name": "", "last_name": "", "email": "", "is_staff": false, "is_active": true, "date_joined": "2023-07-01T11:46:47.567Z", "groups": [], "user_permissions": []}}, {"model": "auth.user", "pk": 10, "fields": {"password": "pbkdf2_sha256$600000$wPpPuWEwns1CazBxhUaV8K$Q1zmSiiktf/9SiJiVsPLI3Fa8rmDLkY4bBiEeNitSd4=", "last_login": "2023-07-01T12:58:24.925Z", "is_superuser": false, "username": "test2", "first_name": "", "last_name": "", "email": "", "is_staff": false, "is_active": true, "date_joined": "2023-07-01T12:42:02.802Z", "groups": [], "user_permissions": []}}, {"model": "auth.user", "pk": 11, "fields": {"password": "pbkdf2_sha256$600000$gLZwv40B4MgC84RqD2rOI2$jAUe/CUZgWDA/HK9D3VOd2UdQLBXFQWJfzNMyaLSqRE=", "last_login": "2023-07-01T13:39:03.006Z", "is_superuser": false, "username": "test3", "first_name": "", "last_name": "", "email": "", "is_staff": false, "is_active": true, "date_joined": "2023-07-01T13:39:02.471Z", "groups": [], "user_permissions": []}}, {"model": "auth.user", "pk": 12, "fields": {"password": "pbkdf2_sha256$600000$sRHZd1DrxswKEmaah94BP8$7iklICTFNtHzoolaxqPks+i3FP805NG5npC0oS5MJ8Y=", "last_login": "2023-07-04T09:28:05.215Z", "is_superuser": false, "username": "test5", "first_name": "", "last_name": "", "email": "", "is_staff": false, "is_active": true, "date_joined": "2023-07-04T09:28:04.663Z", "groups": [], "user_permissions": []}}, {"model": "auth.user", "pk": 13, "fields": {"password": "pbkdf2_sha256$600000$fLePyEQkV5hXnynOAiO9ou$bC1r8Z4HZ1YSyt0eR9rGc512F+9+zJ8rtFkCJa6m1X4=", "last_login": "2023-07-04T09:32:26.043Z", "is_superuser": false, "username": "test4", "first_name": "", "last_name": "", "email": "", "is_staff": false, "is_active": true, "date_joined": "2023-07-04T09:32:25.460Z", "groups": [], "user_permissions": []}}, {"model": "auth.user", "pk": 14, "fields": {"password": "pbkdf2_sha256$600000$BEZ9J3mwty3sD5AyAZycf2$qHnlzQ6jPQp3tr8QhUEVDfD7oaL7vybON9ALbEdpFaY=", "last_login": "2023-07-04T09:36:25.768Z", "is_superuser": false, "username": "test6", "first_name": "", "last_name": "", "email": "", "is_staff": false, "is_active": true, "date_joined": "2023-07-04T09:36:25.223Z", "groups": [], "user_permissions": []}}, {"model": "auth.user", "pk": 15, "fields": {"password": "pbkdf2_sha256$600000$3MUQgqQvmdRHzgzRcfgwG0$xJKiFk+/dj3PjHXWvtn3ACD7bQnFprkNuXR0PO90V1o=", "last_login": "2023-07-04T09:42:18.969Z", "is_superuser": false, "username": "test7", "first_name": "", "last_name": "", "email": "", "is_staff": false, "is_active": true, "date_joined": "2023-07-04T09:42:18.415Z", "groups": [], "user_permissions": []}}, {"model": "auth.user", "pk": 16, "fields": {"password": "pbkdf2_sha256$600000$jGCHQWCdI3Gt4uUfX8S5o0$bXAau2KwVFKIRLgQ1S/NevoYrka3Mm1wZv+wbnLxI5U=", "last_login": "2023-07-04T11:50:03.984Z", "is_superuser": false, "username": "test8", "first_name": "", "last_name": "", "email": "", "is_staff": false, "is_active": true, "date_joined": "2023-07-04T11:06:10.325Z", "groups": [], "user_permissions": []}}, {"model": "contenttypes.contenttype", "pk": 1, "fields": {"app_label": "admin", "model": "logentry"}}, {"model": "contenttypes.contenttype", "pk": 2, "fields": {"app_label": "auth", "model": "permission"}}, {"model": "contenttypes.contenttype", "pk": 3, "fields": {"app_label": "auth", "model": "group"}}, {"model": "contenttypes.contenttype", "pk": 4, "fields": {"app_label": "auth", "model": "user"}}, {"model": "contenttypes.contenttype", "pk": 5, "fields": {"app_label": "contenttypes", "model": "contenttype"}}, {"model": "contenttypes.contenttype", "pk": 6, "fields": {"app_label": "sessions", "model": "session"}}, {"model": "contenttypes.contenttype", "pk": 7, "fields": {"app_label": "main", "model": "author"}}, {"model": "contenttypes.contenttype", "pk": 8, "fields": {"app_label": "main", "model": "category"}}, {"model": "contenttypes.contenttype", "pk": 9, "fields": {"app_label": "main", "model": "post"}}, {"model": "contenttypes.contenttype", "pk": 10, "fields": {"app_label": "taggit", "model": "tag"}}, {"model": "contenttypes.contenttype", "pk": 11, "fields": {"app_label": "taggit", "model": "taggeditem"}}, {"model": "contenttypes.contenttype", "pk": 12, "fields": {"app_label": "hitcount", "model": "blacklistip"}}, {"model": "contenttypes.contenttype", "pk": 13, "fields": {"app_label": "hitcount", "model": "blacklistuseragent"}}, {"model": "contenttypes.contenttype", "pk": 14, "fields": {"app_label": "hitcount", "model": "hit"}}, {"model": "contenttypes.contenttype", "pk": 15, "fields": {"app_label": "hitcount", "model": "hitcount"}}, {"model": "contenttypes.contenttype", "pk": 16, "fields": {"app_label": "main", "model": "reply"}}, {"model": "contenttypes.contenttype", "pk": 17, "fields": {"app_label": "main", "model": "comment"}}, {"model": "contenttypes.contenttype", "pk": 18, "fields": {"app_label": "main", "model": "activity"}}, {"model": "contenttypes.contenttype", "pk": 19, "fields": {"app_label": "main", "model": "vote"}}, {"model": "sessions.session", "pk": "05ukmxzevm97k3vruyqgjij06cc5s3mh", "fields": {"session_data": ".eJxVjMsOwiAQRf-FtSE8hocu3fsNZIBBqgaS0q6M_26bdKHbe865bxZwXWpYB81hyuzCLDv9bhHTk9oO8gPbvfPU2zJPke8KP-jgt57pdT3cv4OKo261s-QioTAFgEBpIUlmJaO1YJz2HouPKvtzIXDosi5aOAVCmERbCZF9vte9N3s:1qAY3C:yxw7c4MI65Oz7ISmhr-h4CzqDqQ0ff-WjB7N6w84Uho", "expire_date": "2023-07-01T15:41:18.718Z"}}, {"model": "sessions.session", "pk": "1j5fj7oa3z9dflkeal40amxbu3bjifof", "fields": {"session_data": ".eJxVjMsOwiAQRf-FtSFAeY1L934DYQaQqoGktCvjv2uTLnR7zzn3xULc1hq2kZcwJ3ZmwE6_G0Z65LaDdI_t1jn1ti4z8l3hBx382lN-Xg7376DGUb_1BKiUnYoFTCKSwyKsU8YogVQkZFCTtFl7AGlIGOlT8doZr5OUJCiz9wfOHDch:1qJP9Q:1J3ecwObgQWwD1a68dP1nlfdXXRrX3CqgZ2zPG68Nak", "expire_date": "2023-07-26T02:00:20.355Z"}}, {"model": "sessions.session", "pk": "2nwes94r7cfcibjtio4wypmf2y55t33x", "fields": {"session_data": ".eJxVjMsOwiAQRf-FtSE8hocu3fsNZIBBqgaS0q6M_26bdKHbe865bxZwXWpYB81hyuzCLDv9bhHTk9oO8gPbvfPU2zJPke8KP-jgt57pdT3cv4OKo261s-QioTAFgEBpIUlmJaO1YJz2HouPKvtzIXDosi5aOAVCmERbCZF9vte9N3s:1qAY3E:6TUkt8tlA0MOKG50hm0jhelOSQZHKtKbWHbsSvnERtM", "expire_date": "2023-07-01T15:41:20.076Z"}}, {"model": "sessions.session", "pk": "3wv5efe8vvds35jfx8842i32v2ook6sd", "fields": {"session_data": ".eJxVjMsOwiAQRf-FtSEwhZZx6d5vIAMzSNXQpI-V8d-1SRe6veec-1KRtrXGbZE5jqzOCtXpd0uUH9J2wHdqt0nnqa3zmPSu6IMu-jqxPC-H-3dQaanf2gl5MUGsCd72yYNPBVwuBZhA2CB1nQsOLfaYATvkPPiBegZHAZDV-wPgHTeH:1qJSwJ:_tccrw91L2CYWrDRKqvMdSKq7AZ_heU3A7wXFjUnAwI", "expire_date": "2023-07-26T06:03:03.449Z"}}, {"model": "sessions.session", "pk": "4omhoe0o6wm15a9qv7d6o5njgkx2r0jc", "fields": {"session_data": ".eJxVjDsOwjAQBe_iGlkY24lNSZ8zRG93HRxAtpRPhbg7iZQC2pl57616rEvu1zlN_Sjqqow6_TICP1PZhTxQ7lVzLcs0kt4TfdhZd1XS63a0fwcZc97W8Uw-GERxQwtnuQneDgMTS0vSAPBRNuIDi4hlk4zAIlgCpLlEpz5fDPk5Tg:1qAUoa:GJbwpbdjRZ1LhbTmIAFrSMf_Yybsbqd-AcVZAil_DOk", "expire_date": "2023-07-01T12:14:00.911Z"}}, {"model": "sessions.session", "pk": "5gi3c3ortiqdbzocsnu8iuoieksv86sj", "fields": {"session_data": ".eJxVjMsOwiAQRf-FtSE8hocu3fsNZIBBqgaS0q6M_26bdKHbe865bxZwXWpYB81hyuzCLDv9bhHTk9oO8gPbvfPU2zJPke8KP-jgt57pdT3cv4OKo261s-QioTAFgEBpIUlmJaO1YJz2HouPKvtzIXDosi5aOAVCmERbCZF9vte9N3s:1qAY3E:6TUkt8tlA0MOKG50hm0jhelOSQZHKtKbWHbsSvnERtM", "expire_date": "2023-07-01T15:41:20.548Z"}}, {"model": "sessions.session", "pk": "921znav43uwzysyguq90q7z6qiozc06k", "fields": {"session_data": ".eJxVjMsOwiAQAP-FsyFbnuLRu9_Q7LIgVQNJaU_GfzckPeh1ZjJvMeO-lXnvaZ0XFhfhxemXEcZnqkPwA-u9ydjqti4kRyIP2-WtcXpdj_ZvULCXsQXlbFAxGxcVZDZgPNLkOJhJA1sfkCGSO0cwljRocNZkDKQQtIckPl_CDDb6:1qAqcQ:O9bVZvKIvzz_M1XmEmtJOhO3Cu56Kt3C17gsWiGixvM", "expire_date": "2023-07-02T11:30:54.726Z"}}, {"model": "sessions.session", "pk": "d1gdu0bfqgot7irzmqfdb5cmpwli0g18", "fields": {"session_data": ".eJxVjMsOwiAQRf-FtSE8hocu3fsNZIBBqgaS0q6M_26bdKHbe865bxZwXWpYB81hyuzCLDv9bhHTk9oO8gPbvfPU2zJPke8KP-jgt57pdT3cv4OKo261s-QioTAFgEBpIUlmJaO1YJz2HouPKvtzIXDosi5aOAVCmERbCZF9vte9N3s:1qAWft:H3n3w4cJdP8haQHUlwEr36KhzmZMUQ8rWKA2iepYQlQ", "expire_date": "2023-07-01T14:13:09.554Z"}}, {"model": "sessions.session", "pk": "esf5ja7qjau5j1l3zwst4iyy2hicz0zv", "fields": {"session_data": ".eJxVjMEKwyAQRP_Fc5HVFTU99t5vkFXXmrYYiMkp9N-bQA7taWDem9lEoHWpYe08hzGLqxjE5beLlF7cDpCf1B6TTFNb5jHKQ5En7fI-ZX7fTvfvoFKv-5ocsUELGAHiUNCrlIvShbhYAw4NoNKaU1G-RMAU97QO2KE23kMWny_mOTeQ:1qK9ib:riPo7_I48hqAIWGhf9WVRr076JYnSCsBkdSxDxZmh1I", "expire_date": "2023-07-28T03:43:45.024Z"}}, {"model": "sessions.session", "pk": "evdq461j6jmrv9ox9v9jd9yvrdyo064v", "fields": {"session_data": ".eJxVjMsOwiAQRf-FtSE8hocu3fsNZIBBqgaS0q6M_26bdKHbe865bxZwXWpYB81hyuzCLDv9bhHTk9oO8gPbvfPU2zJPke8KP-jgt57pdT3cv4OKo261s-QioTAFgEBpIUlmJaO1YJz2HouPKvtzIXDosi5aOAVCmERbCZF9vte9N3s:1qAY3H:GWqfGenNABqCy0Weu7yhhfwMzTewKfWKhbB_dnAQWyc", "expire_date": "2023-07-01T15:41:23.486Z"}}, {"model": "sessions.session", "pk": "i0onfoc14k73ifqt5myqp4486071o49c", "fields": {"session_data": ".eJxVjDsOwjAQBe_iGllr4t9S0ucMltdr4wBypDipEHeHSCmgfTPzXiLEba1h63kJE4uLQHH63SimR2474Htst1mmua3LRHJX5EG7HGfOz-vh_h3U2Ou3Bk3nYtk7bVETKsiqpOSQmYfMNirUg0Io7Dw4MIWsQq9NomSAyXvx_gDhSDe8:1qGeYf:7JkifKqJGfdydcB-ltwWTXPTJiN4HwrqHV8QIrEbRNo", "expire_date": "2023-07-18T11:51:01.381Z"}}, {"model": "sessions.session", "pk": "jh256fl5ahbooi5pr4n475j9pearsynf", "fields": {"session_data": ".eJxVjMsOwiAQRf-FtSE8hocu3fsNZIBBqgaS0q6M_26bdKHbe865bxZwXWpYB81hyuzCLDv9bhHTk9oO8gPbvfPU2zJPke8KP-jgt57pdT3cv4OKo261s-QioTAFgEBpIUlmJaO1YJz2HouPKvtzIXDosi5aOAVCmERbCZF9vte9N3s:1qAY3E:6TUkt8tlA0MOKG50hm0jhelOSQZHKtKbWHbsSvnERtM", "expire_date": "2023-07-01T15:41:20.503Z"}}, {"model": "sessions.session", "pk": "nj5avto0sghy77f37jqd8kad7bptn2tb", "fields": {"session_data": ".eJxVjMsOwiAQAP-FsyFbnuLRu9_Q7LIgVQNJaU_GfzckPeh1ZjJvMeO-lXnvaZ0XFhfhxemXEcZnqkPwA-u9ydjqti4kRyIP2-WtcXpdj_ZvULCXsQXlbFAxGxcVZDZgPNLkOJhJA1sfkCGSO0cwljRocNZkDKQQtIckPl_CDDb6:1qELjS:gvChbkQmHhZbruIWank53oAhu9ex2jY42P0iwuJGO94", "expire_date": "2023-07-12T03:20:38.400Z"}}, {"model": "sessions.session", "pk": "o1w9mhnhqxsx666kl56gq39j4y01yu25", "fields": {"session_data": ".eJxVjMsOwiAQAP-FsyFbnuLRu9_Q7LIgVQNJaU_GfzckPeh1ZjJvMeO-lXnvaZ0XFhfhxemXEcZnqkPwA-u9ydjqti4kRyIP2-WtcXpdj_ZvULCXsQXlbFAxGxcVZDZgPNLkOJhJA1sfkCGSO0cwljRocNZkDKQQtIckPl_CDDb6:1qEKI2:-4bbYftzTfuw0FvLIdU9YYK3eHIoPxJZWNryb-8dOJI", "expire_date": "2023-07-12T01:48:14.795Z"}}, {"model": "sessions.session", "pk": "pdkej9zd4g32ls45y48f2qgynhtb8x1h", "fields": {"session_data": ".eJxVjDsOwjAQBe_iGlkY24lNSZ8zRG93HRxAtpRPhbg7iZQC2pl57616rEvu1zlN_Sjqqow6_TICP1PZhTxQ7lVzLcs0kt4TfdhZd1XS63a0fwcZc97W8Uw-GERxQwtnuQneDgMTS0vSAPBRNuIDi4hlk4zAIlgCpLlEpz5fDPk5Tg:1qAUrl:LeZCxavcbWEy8wDhefD5x3YThPYoncYTh3v-qLsgXj8", "expire_date": "2023-07-01T12:17:17.222Z"}}, {"model": "sessions.session", "pk": "qtk85rf53d0alvvav76f5pnyvuu31i0d", "fields": {"session_data": ".eJxVjMsOwiAQRf-FtSE8hocu3fsNZIBBqgaS0q6M_26bdKHbe865bxZwXWpYB81hyuzCLDv9bhHTk9oO8gPbvfPU2zJPke8KP-jgt57pdT3cv4OKo261s-QioTAFgEBpIUlmJaO1YJz2HouPKvtzIXDosi5aOAVCmERbCZF9vte9N3s:1qAY3D:LAWDlYdEZF-ezpTvj-UL2jvMpSjA57dUQzyx_B_j2tY", "expire_date": "2023-07-01T15:41:19.794Z"}}, {"model": "sessions.session", "pk": "vmqkejbt9elxu17ql29minka6u4obp3g", "fields": {"session_data": "e30:1qDd7u:gjGa8WK24kudk6Ot0m7cxQgVADKdUjQz3SKbczRcN0k", "expire_date": "2023-07-10T03:42:54.117Z"}}, {"model": "sessions.session", "pk": "xlxdqlf2sqjaajjwl1d6mhtn8p8a8gd1", "fields": {"session_data": ".eJxVjMsOgjAQRf-la9PQxzDi0j3fQGY6HYsaSCisjP-uJCx0e88592UG2tYybDUvwyjmYrw5_W5M6ZGnHcidptts0zyty8h2V-xBq-1nyc_r4f4dFKrlWwcJWZUCRPCqLUekJAjInWN1miEptSgO0cfQoOczJWgaTNKBRAbz_gADqDhm:1qAUtl:j9N02pISRDOGF-oPQun8pltkqahX1LFEBc4iMgjuKAE", "expire_date": "2023-07-01T12:19:21.878Z"}}, {"model": "sessions.session", "pk": "z2sv6w2m253fi66bud7d5k7zgx8mbgwf", "fields": {"session_data": ".eJxVjDsOwjAQBe_iGlkY24lNSZ8zRG93HRxAtpRPhbg7iZQC2pl57616rEvu1zlN_Sjqqow6_TICP1PZhTxQ7lVzLcs0kt4TfdhZd1XS63a0fwcZc97W8Uw-GERxQwtnuQneDgMTS0vSAPBRNuIDi4hlk4zAIlgCpLlEpz5fDPk5Tg:1q9iR4:GE6WrLo66LzQWEk0xCI-SHDPUccbJe-LjPG77Bv7yJ4", "expire_date": "2023-06-29T08:34:30.148Z"}}, {"model": "sessions.session", "pk": "zbdizqdm9phffgurm9jnd2d8vhoqj61z", "fields": {"session_data": ".eJxVjMsOwiAQRf-FtSE8hocu3fsNZIBBqgaS0q6M_26bdKHbe865bxZwXWpYB81hyuzCLDv9bhHTk9oO8gPbvfPU2zJPke8KP-jgt57pdT3cv4OKo261s-QioTAFgEBpIUlmJaO1YJz2HouPKvtzIXDosi5aOAVCmERbCZF9vte9N3s:1qAY3E:6TUkt8tlA0MOKG50hm0jhelOSQZHKtKbWHbsSvnERtM", "expire_date": "2023-07-01T15:41:20.189Z"}}, {"model": "main.author", "pk": 1, "fields": {"user": 9, "fullname": "klee klee", "slug": "klee", "bio": "best klee main in genshin", "points": 0, "profile_pic": "authors/336169578_577218314373966_5460891519635149000_n_QotcC9c.jpeg"}}, {"model": "main.author", "pk": 2, "fields": {"user": 10, "fullname": "not klee", "slug": "not-klee", "bio": "what", "points": 0, "profile_pic": "authors/336169578_577218314373966_5460891519635149000_n_O4LYVLf.jpeg"}}, {"model": "main.author", "pk": 3, "fields": {"user": 11, "fullname": "3", "slug": "3", "bio": "3", "points": 0, "profile_pic": "authors/336169578_577218314373966_5460891519635149000_n_xIpfP2e.jpeg"}}, {"model": "main.author", "pk": 4, "fields": {"user": 12, "fullname": "new acc", "slug": "new-acc", "bio": "a", "points": 0, "profile_pic": "authors/336169578_577218314373966_5460891519635149000_n_UKHEiL4.jpeg"}}, {"model": "main.author", "pk": 5, "fields": {"user": 13, "fullname": "nani", "slug": "nani", "bio": "a", "points": 0, "profile_pic": "authors/336169578_577218314373966_5460891519635149000_n_yQ8U73n.jpeg"}}, {"model": "main.author", "pk": 6, "fields": {"user": 14, "fullname": "lmao lmao", "slug": "lmao-lmao", "bio": "aa", "points": 0, "profile_pic": "media/defaults/default_profile_pic.jpg"}}, {"model": "main.author", "pk": 7, "fields": {"user": 15, "fullname": "s", "slug": "s", "bio": "s", "points": 0, "profile_pic": "authors/336169578_577218314373966_5460891519635149000_n_V3Uk4eE.jpeg"}}, {"model": "main.author", "pk": 8, "fields": {"user": 16, "fullname": "forced", "slug": "forced", "bio": "a", "points": 0, "profile_pic": "defaults/default_profile_pic.jpg"}}, {"model": "main.category", "pk": 1, "fields": {"title": "Programming", "slug": "programming", "description": "description"}}, {"model": "main.category", "pk": 3, "fields": {"title": "Bot", "slug": "bot", "description": "description"}}, {"model": "main.category", "pk": 4, "fields": {"title": "AI", "slug": "ai", "description": "description"}}, {"model": "main.category", "pk": 5, "fields": {"title": "Testing", "slug": "testing", "description": "description"}}, {"model": "main.reply", "pk": 1, "fields": {"user": 1, "content": "dont have error pls", "date": "2023-07-01T11:48:12.963Z"}}, {"model": "main.reply", "pk": 2, "fields": {"user": 2, "content": "actually no error", "date": "2023-07-01T12:42:41.262Z"}}, {"model": "main.reply", "pk": 3, "fields": {"user": 1, "content": "ddddd", "date": "2023-07-03T15:26:04.383Z"}}, {"model": "main.reply", "pk": 4, "fields": {"user": 1, "content": "more\r\n", "date": "2023-07-03T15:28:20.976Z"}}, {"model": "main.reply", "pk": 5, "fields": {"user": 1, "content": "wow it work\r\n", "date": "2023-07-03T16:25:14.517Z"}}, {"model": "main.reply", "pk": 6, "fields": {"user": 6, "content": "ádasd", "date": "2023-07-04T09:39:41.020Z"}}, {"model": "main.reply", "pk": 7, "fields": {"user": 8, "content": "big profile pic", "date": "2023-07-04T11:45:18.638Z"}}, {"model": "main.reply", "pk": 8, "fields": {"user": 1, "content": "ádasd", "date": "2023-07-05T10:22:15.537Z"}}, {"model": "main.reply", "pk": 9, "fields": {"user": 1, "content": "aaaa", "date": "2023-07-05T10:22:25.925Z"}}, {"model": "main.reply", "pk": 10, "fields": {"user": 1, "content": "asdf", "date": "2023-07-10T09:06:49.453Z"}}, {"model": "main.comment", "pk": 1, "fields": {"user": 1, "content": "test test 1", "date": "2023-07-01T11:48:05.294Z", "replies": [1, 2, 7]}}, {"model": "main.comment", "pk": 2, "fields": {"user": 1, "content": "how the f**k to cancel the vote, who make this website ??", "date": "2023-07-01T15:36:50.186Z", "replies": []}}, {"model": "main.comment", "pk": 3, "fields": {"user": 1, "content": "eeeeeeee", "date": "2023-07-03T15:26:01.383Z", "replies": [3, 4, 5, 6]}}, {"model": "main.comment", "pk": 4, "fields": {"user": 1, "content": "ádasd", "date": "2023-07-05T10:22:12.930Z", "replies": [8, 9]}}, {"model": "main.comment", "pk": 5, "fields": {"user": 1, "content": "t", "date": "2023-07-10T09:06:40.713Z", "replies": [10]}}, {"model": "main.comment", "pk": 6, "fields": {"user": 1, "content": "huh\r\n", "date": "2023-07-12T16:25:22.793Z", "replies": []}}, {"model": "main.comment", "pk": 13, "fields": {"user": 1, "content": "2", "date": "2023-07-13T04:40:05.940Z", "replies": []}}, {"model": "main.post", "pk": 1, "fields": {"title": "this is a testing post", "slug": "this-is-a-testing-post", "user": 1, "content": "nani", "date": "2023-07-01T11:47:33.531Z", "approved": true, "image": "", "categories": [5], "comments": [1, 6]}}, {"model": "main.post", "pk": 5, "fields": {"title": "tag testing", "slug": "tag-testing-mf", "user": 1, "content": "how it happen\r\nlast testing for the edit post", "date": "2023-07-03T15:22:26.179Z", "approved": true, "image": "", "categories": [5], "comments": [3]}}, {"model": "main.post", "pk": 7, "fields": {"title": "1", "slug": "1", "user": 1, "content": "1", "date": "2023-07-04T06:12:45.000Z", "approved": true, "image": "", "categories": [5], "comments": []}}, {"model": "main.post", "pk": 8, "fields": {"title": "2", "slug": "2", "user": 1, "content": "2", "date": "2023-07-04T06:12:52.420Z", "approved": true, "image": "", "categories": [5], "comments": []}}, {"model": "main.post", "pk": 9, "fields": {"title": "3", "slug": "3", "user": 1, "content": "3", "date": "2023-07-04T06:12:57.434Z", "approved": true, "image": "", "categories": [5], "comments": []}}, {"model": "main.post", "pk": 10, "fields": {"title": "4", "slug": "4", "user": 1, "content": "4", "date": "2023-07-04T06:13:03.038Z", "approved": true, "image": "", "categories": [5], "comments": []}}, {"model": "main.post", "pk": 11, "fields": {"title": "5", "slug": "5", "user": 1, "content": "5", "date": "2023-07-04T06:13:08.925Z", "approved": true, "image": "", "categories": [5], "comments": []}}, {"model": "main.post", "pk": 12, "fields": {"title": "test pic", "slug": "test-pic", "user": 1, "content": "nice", "date": "2023-07-05T10:09:45.549Z", "approved": true, "image": "", "categories": [5], "comments": []}}, {"model": "main.post", "pk": 13, "fields": {"title": "pic", "slug": "pic", "user": 1, "content": "q", "date": "2023-07-05T10:13:27.705Z", "approved": true, "image": "", "categories": [5], "comments": []}}, {"model": "main.post", "pk": 16, "fields": {"title": "a", "slug": "a", "user": 1, "content": "a", "date": "2023-07-10T09:23:36.973Z", "approved": true, "image": "", "categories": [1], "comments": []}}, {"model": "main.post", "pk": 20, "fields": {"title": "2", "slug": "2-osKF", "user": 1, "content": "2", "date": "2023-07-10T10:24:59.564Z", "approved": true, "image": "", "categories": [1], "comments": []}}, {"model": "main.post", "pk": 21, "fields": {"title": "change category", "slug": "change-category-xd2p", "user": 1, "content": "ch", "date": "2023-07-11T07:41:02.339Z", "approved": true, "image": "", "categories": [5], "comments": []}}, {"model": "main.post", "pk": 22, "fields": {"title": "pic test", "slug": "pic-test-BJhS", "user": 1, "content": "testing", "date": "2023-07-12T16:05:49.185Z", "approved": true, "image": "post_images/Screenshot_2_hF6csbM.png", "categories": [5], "comments": [13]}}, {"model": "main.vote", "pk": 1, "fields": {"user": 3, "post": 1, "activity_type": ""}}, {"model": "main.vote", "pk": 4, "fields": {"user": 1, "post": 1, "activity_type": "U"}}, {"model": "main.vote", "pk": 7, "fields": {"user": 1, "post": 5, "activity_type": "U"}}, {"model": "main.vote", "pk": 11, "fields": {"user": 1, "post": 13, "activity_type": "U"}}, {"model": "main.vote", "pk": 12, "fields": {"user": 1, "post": 20, "activity_type": "U"}}, {"model": "main.vote", "pk": 13, "fields": {"user": 1, "post": 21, "activity_type": "U"}}, {"model": "main.vote", "pk": 14, "fields": {"user": 1, "post": 22, "activity_type": "U"}}, {"model": "hitcount.hitcount", "pk": 22, "fields": {"hits": 7, "modified": "2023-07-12T16:22:55.899Z", "content_type": 9, "object_pk": 1}}, {"model": "hitcount.hitcount", "pk": 26, "fields": {"hits": 2, "modified": "2023-07-04T09:39:36.965Z", "content_type": 9, "object_pk": 5}}, {"model": "hitcount.hitcount", "pk": 28, "fields": {"hits": 0, "modified": "2023-07-04T06:13:11.673Z", "content_type": 9, "object_pk": 7}}, {"model": "hitcount.hitcount", "pk": 29, "fields": {"hits": 1, "modified": "2023-07-04T12:00:18.722Z", "content_type": 9, "object_pk": 8}}, {"model": "hitcount.hitcount", "pk": 30, "fields": {"hits": 0, "modified": "2023-07-04T06:13:11.691Z", "content_type": 9, "object_pk": 9}}, {"model": "hitcount.hitcount", "pk": 31, "fields": {"hits": 0, "modified": "2023-07-04T06:13:13.315Z", "content_type": 9, "object_pk": 10}}, {"model": "hitcount.hitcount", "pk": 32, "fields": {"hits": 1, "modified": "2023-07-12T06:16:46.916Z", "content_type": 9, "object_pk": 11}}, {"model": "hitcount.hitcount", "pk": 33, "fields": {"hits": 1, "modified": "2023-07-05T10:09:52.810Z", "content_type": 9, "object_pk": 12}}, {"model": "hitcount.hitcount", "pk": 34, "fields": {"hits": 2, "modified": "2023-07-12T16:33:08.512Z", "content_type": 9, "object_pk": 13}}, {"model": "hitcount.hitcount", "pk": 37, "fields": {"hits": 0, "modified": "2023-07-10T09:23:37.015Z", "content_type": 9, "object_pk": 16}}, {"model": "hitcount.hitcount", "pk": 41, "fields": {"hits": 1, "modified": "2023-07-10T11:31:44.608Z", "content_type": 9, "object_pk": 20}}, {"model": "hitcount.hitcount", "pk": 42, "fields": {"hits": 2, "modified": "2023-07-12T05:54:20.701Z", "content_type": 9, "object_pk": 21}}, {"model": "hitcount.hitcount", "pk": 43, "fields": {"hits": 2, "modified": "2023-07-13T04:15:03.417Z", "content_type": 9, "object_pk": 22}}, {"model": "hitcount.hit", "pk": 50, "fields": {"created": "2023-07-01T11:47:36.039Z", "ip": "127.0.0.1", "session": "xp7im0n5mm8w8ozx972uxkevodfx1vm3", "user_agent": "Mozilla/5.0 (Windows NT 10.0; Win64; x64) AppleWebKit/537.36 (KHTML, like Gecko) Chrome/114.0.0.0 Safari/537.36", "user": 9, "hitcount": 22}}, {"model": "hitcount.hit", "pk": 51, "fields": {"created": "2023-07-01T12:42:25.593Z", "ip": "127.0.0.1", "session": "5x6g47no1c0g32asgovdogsw2a1nu9c5", "user_agent": "Mozilla/5.0 (Windows NT 10.0; Win64; x64) AppleWebKit/537.36 (KHTML, like Gecko) Chrome/114.0.0.0 Safari/537.36", "user": 10, "hitcount": 22}}, {"model": "hitcount.hit", "pk": 52, "fields": {"created": "2023-07-01T12:57:01.512Z", "ip": "127.0.0.1", "session": "ttgke5smtapy3qeiklc5xltyk5f7orat", "user_agent": "Mozilla/5.0 (Windows NT 10.0; Win64; x64) AppleWebKit/537.36 (KHTML, like Gecko) Chrome/114.0.0.0 Safari/537.36", "user": null, "hitcount": 22}}, {"model": "hitcount.hit", "pk": 53, "fields": {"created": "2023-07-01T13:39:13.861Z", "ip": "127.0.0.1", "session": "kxkl8hv7ntsehm42ho3g87orp8bdmxsv", "user_agent": "Mozilla/5.0 (Windows NT 10.0; Win64; x64) AppleWebKit/537.36 (KHTML, like Gecko) Chrome/114.0.0.0 Safari/537.36", "user": 11, "hitcount": 22}}, {"model": "hitcount.hit", "pk": 59, "fields": {"created": "2023-07-03T15:22:30.041Z", "ip": "127.0.0.1", "session": "yrcm3beuxyth2fi8fzugm0wpiut9qxfu", "user_agent": "Mozilla/5.0 (Windows NT 10.0; Win64; x64) AppleWebKit/537.36 (KHTML, like Gecko) Chrome/114.0.0.0 Safari/537.36", "user": 9, "hitcount": 26}}, {"model": "hitcount.hit", "pk": 61, "fields": {"created": "2023-07-04T09:39:36.969Z", "ip": "127.0.0.1", "session": "7a1d2f5dnvsc5fth3w8olw43gvnhlzs9", "user_agent": "Mozilla/5.0 (Windows NT 10.0; Win64; x64) AppleWebKit/537.36 (KHTML, like Gecko) Chrome/114.0.0.0 Safari/537.36", "user": 14, "hitcount": 26}}, {"model": "hitcount.hit", "pk": 64, "fields": {"created": "2023-07-04T11:45:04.661Z", "ip": "127.0.0.1", "session": "lbbwd90eg5t54m8033k1q7svrn8edeiw", "user_agent": "Mozilla/5.0 (Windows NT 10.0; Win64; x64) AppleWebKit/537.36 (KHTML, like Gecko) Chrome/114.0.0.0 Safari/537.36", "user": 16, "hitcount": 22}}, {"model": "hitcount.hit", "pk": 65, "fields": {"created": "2023-07-04T12:00:18.727Z", "ip": "127.0.0.1", "session": "i0onfoc14k73ifqt5myqp4486071o49c", "user_agent": "Mozilla/5.0 (Windows NT 10.0; Win64; x64) AppleWebKit/537.36 (KHTML, like Gecko) Chrome/114.0.0.0 Safari/537.36", "user": 9, "hitcount": 29}}, {"model": "hitcount.hit", "pk": 66, "fields": {"created": "2023-07-05T10:09:52.814Z", "ip": "127.0.0.1", "session": "i0onfoc14k73ifqt5myqp4486071o49c", "user_agent": "Mozilla/5.0 (Windows NT 10.0; Win64; x64) AppleWebKit/537.36 (KHTML, like Gecko) Chrome/114.0.0.0 Safari/537.36", "user": 9, "hitcount": 33}}, {"model": "hitcount.hit", "pk": 67, "fields": {"created": "2023-07-05T10:13:33.391Z", "ip": "127.0.0.1", "session": "i0onfoc14k73ifqt5myqp4486071o49c", "user_agent": "Mozilla/5.0 (Windows NT 10.0; Win64; x64) AppleWebKit/537.36 (KHTML, like Gecko) Chrome/114.0.0.0 Safari/537.36", "user": 9, "hitcount": 34}}, {"model": "hitcount.hit", "pk": 72, "fields": {"created": "2023-07-10T11:31:44.612Z", "ip": "127.0.0.1", "session": "fgozg2vjfoquopjmfo48otcz8rggot5n", "user_agent": "Mozilla/5.0 (Windows NT 10.0; Win64; x64) AppleWebKit/537.36 (KHTML, like Gecko) Chrome/114.0.0.0 Safari/537.36", "user": 9, "hitcount": 41}}, {"model": "hitcount.hit", "pk": 73, "fields": {"created": "2023-07-11T08:08:43.001Z", "ip": "127.0.0.1", "session": "65nmpdde36smw0pawzf8ymd0sufmmaot", "user_agent": "Mozilla/5.0 (Windows NT 10.0; Win64; x64) AppleWebKit/537.36 (KHTML, like Gecko) Chrome/114.0.0.0 Safari/537.36", "user": 9, "hitcount": 42}}, {"model": "hitcount.hit", "pk": 74, "fields": {"created": "2023-07-12T05:54:20.705Z", "ip": "192.168.2.12", "session": "90d2wnlnq0tmrrhlfmftf4qn1un1mu24", "user_agent": "Mozilla/5.0 (Windows NT 10.0; Win64; x64) AppleWebKit/537.36 (KHTML, like Gecko) Chrome/114.0.0.0 Safari/537.36", "user": null, "hitcount": 42}}, {"model": "hitcount.hit", "pk": 75, "fields": {"created": "2023-07-12T05:55:51.152Z", "ip": "192.168.2.12", "session": "90d2wnlnq0tmrrhlfmftf4qn1un1mu24", "user_agent": "Mozilla/5.0 (Windows NT 10.0; Win64; x64) AppleWebKit/537.36 (KHTML, like Gecko) Chrome/114.0.0.0 Safari/537.36", "user": null, "hitcount": 22}}, {"model": "hitcount.hit", "pk": 76, "fields": {"created": "2023-07-12T06:16:46.920Z", "ip": "192.168.2.12", "session": "3wv5efe8vvds35jfx8842i32v2ook6sd", "user_agent": "Mozilla/5.0 (iPhone; CPU iPhone OS 13_2_3 like Mac OS X) AppleWebKit/605.1.15 (KHTML, like Gecko) Version/13.0.3 Mobile/15E148 Safari/604.1", "user": 9, "hitcount": 32}}, {"model": "hitcount.hit", "pk": 77, "fields": {"created": "2023-07-12T16:22:55.904Z", "ip": "192.168.2.12", "session": "3wv5efe8vvds35jfx8842i32v2ook6sd", "user_agent": "Mozilla/5.0 (Windows NT 10.0; Win64; x64) AppleWebKit/537.36 (KHTML, like Gecko) Chrome/114.0.0.0 Safari/537.36", "user": 9, "hitcount": 22}}, {"model": "hitcount.hit", "pk": 78, "fields": {"created": "2023-07-12T16:33:08.517Z", "ip": "192.168.2.12", "session": "3wv5efe8vvds35jfx8842i32v2ook6sd", "user_agent": "Mozilla/5.0 (Windows NT 10.0; Win64; x64) AppleWebKit/537.36 (KHTML, like Gecko) Chrome/114.0.0.0 Safari/537.36", "user": 9, "hitcount": 34}}, {"model": "hitcount.hit", "pk": 79, "fields": {"created": "2023-07-13T04:11:17.175Z", "ip": "127.0.0.1", "session": "4yioyccvnoo9wunf0xxajbfzlh6ai22r", "user_agent": "Mozilla/5.0 (Windows NT 10.0; Win64; x64) AppleWebKit/537.36 (KHTML, like Gecko) Chrome/114.0.0.0 Safari/537.36", "user": null, "hitcount": 43}}, {"model": "hitcount.hit", "pk": 80, "fields": {"created": "2023-07-13T04:15:03.422Z", "ip": "127.0.0.1", "session": "da5w1t2j29dti4ikz7darunrihu0pzrt", "user_agent": "Mozilla/5.0 (Windows NT 10.0; Win64; x64) AppleWebKit/537.36 (KHTML, like Gecko) Chrome/114.0.0.0 Safari/537.36", "user": 9, "hitcount": 43}}, {"model": "taggit.tag", "pk": 14, "fields": {"name": "testing", "slug": "testing"}}, {"model": "taggit.tag", "pk": 15, "fields": {"name": "s", "slug": "s"}}, {"model": "taggit.tag", "pk": 16, "fields": {"name": "pro", "slug": "pro"}}, {"model": "taggit.tag", "pk": 17, "fields": {"name": "as", "slug": "as"}}, {"model": "taggit.tag", "pk": 18, "fields": {"name": "f**k", "slug": "fk"}}, {"model": "taggit.tag", "pk": 19, "fields": {"name": "fk", "slug": "fk_1"}}, {"model": "taggit.tag", "pk": 20, "fields": {"name": "tag", "slug": "tag"}}, {"model": "taggit.tag", "pk": 21, "fields": {"name": "test", "slug": "test"}}, {"model": "taggit.tag", "pk": 22, "fields": {"name": "nani", "slug": "nani"}}, {"model": "taggit.tag", "pk": 23, "fields": {"name": "four", "slug": "four"}}, {"model": "taggit.tag", "pk": 24, "fields": {"name": "a", "slug": "a"}}, {"model": "taggit.tag", "pk": 25, "fields": {"name": "moretags", "slug": "moretags"}}, {"model": "taggit.tag", "pk": 26, "fields": {"name": "1", "slug": "1"}}, {"model": "taggit.tag", "pk": 27, "fields": {"name": "2", "slug": "2"}}, {"model": "taggit.tag", "pk": 28, "fields": {"name": "3", "slug": "3"}}, {"model": "taggit.tag", "pk": 29, "fields": {"name": "4", "slug": "4"}}, {"model": "taggit.tag", "pk": 30, "fields": {"name": "5", "slug": "5"}}, {"model": "taggit.tag", "pk": 31, "fields": {"name": "pic", "slug": "pic"}}, {"model": "taggit.tag", "pk": 32, "fields": {"name": "p", "slug": "p"}}, {"model": "taggit.tag", "pk": 33, "fields": {"name": "no", "slug": "no"}}, {"model": "taggit.tag", "pk": 34, "fields": {"name": "v", "slug": "v"}}, {"model": "taggit.tag", "pk": 35, "fields": {"name": "boomboom", "slug": "boomboom"}}, {"model": "taggit.taggeditem", "pk": 24, "fields": {"tag": 14, "content_type": 9, "object_id": 1}}, {"model": "taggit.taggeditem", "pk": 50, "fields": {"tag": 26, "content_type": 9, "object_id": 7}}, {"model": "taggit.taggeditem", "pk": 51, "fields": {"tag": 27, "content_type": 9, "object_id": 8}}, {"model": "taggit.taggeditem", "pk": 52, "fields": {"tag": 28, "content_type": 9, "object_id": 9}}, {"model": "taggit.taggeditem", "pk": 53, "fields": {"tag": 29, "content_type": 9, "object_id": 10}}, {"model": "taggit.taggeditem", "pk": 54, "fields": {"tag": 30, "content_type": 9, "object_id": 11}}, {"model": "taggit.taggeditem", "pk": 55, "fields": {"tag": 20, "content_type": 9, "object_id": 5}}, {"model": "taggit.taggeditem", "pk": 56, "fields": {"tag": 21, "content_type": 9, "object_id": 5}}, {"model": "taggit.taggeditem", "pk": 57, "fields": {"tag": 22, "content_type": 9, "object_id": 5}}, {"model": "taggit.taggeditem", "pk": 58, "fields": {"tag": 23, "content_type": 9, "object_id": 5}}, {"model": "taggit.taggeditem", "pk": 59, "fields": {"tag": 25, "content_type": 9, "object_id": 5}}, {"model": "taggit.taggeditem", "pk": 60, "fields": {"tag": 31, "content_type": 9, "object_id": 12}}, {"model": "taggit.taggeditem", "pk": 61, "fields": {"tag": 31, "content_type": 9, "object_id": 13}}, {"model": "taggit.taggeditem", "pk": 65, "fields": {"tag": 24, "content_type": 9, "object_id": 16}}, {"model": "taggit.taggeditem", "pk": 69, "fields": {"tag": 27, "content_type": 9, "object_id": 20}}, {"model": "taggit.taggeditem", "pk": 70, "fields": {"tag": 24, "content_type": 9, "object_id": 21}}, {"model": "taggit.taggeditem", "pk": 73, "fields": {"tag": 21, "content_type": 9, "object_id": 22}}]